Date,Close,High,Low,Open,Volume,Media_Movel_7d,Volatilidade_7d
2025-01-29,10.531108856201172,10.732397880628127,10.494510772435621,10.732397880628127,33371500,,
2025-01-29,33.14405059814453,33.53028234022098,33.01829793969323,33.41351372772099,18204400,,
2025-01-29,46.65168380737305,47.279006785989566,46.50148113805364,46.65168380737305,19220300,,
2025-01-29,25.82651710510254,26.083071499110698,25.810968099395158,25.99755280775283,13655935,,
2025-01-30,48.62200927734375,49.1256351371403,47.07578870451388,47.093460201233995,40562400,,
2025-01-30,33.584171295166016,33.69195585653112,33.054225681040876,33.26979823018052,30916000,,
2025-01-30,11.107527732849121,11.208172230591531,10.531107341996371,10.558555682732116,56868200,29.923866953168595,15.275960186435679
2025-01-30,26.45624351501465,26.572860229244263,25.83429330600873,25.83429330600873,29709865,32.19888619014195,12.908944674827573
2025-01-31,33.853633880615234,34.46441876278326,33.45842154420449,33.58417076822566,37044800,32.300255230494905,12.920384669783973
2025-01-31,47.862152099609375,48.78104971240713,47.7119494321967,48.586669988137395,25477600,32.47317927224295,13.15052504014796
2025-01-31,11.06178092956543,11.391163666258784,10.988584765855796,11.107528750025725,37528400,30.363931247166224,15.388010611051703
2025-01-31,26.28520965576172,26.603958446407173,26.28520965576172,26.5495394373319,20432975,27.172959872654506,13.119627101335011
2025-02-03,33.6829719543457,33.961419089342236,33.575187403486346,33.9165057189425,24877600,27.187074252537318,13.127724622328195
2025-02-03,47.89749526977539,47.95934382370184,47.11996962884478,47.47338945549686,27216400,32.442783900669646,12.980981329443937
2025-02-03,11.043482780456543,11.134978432380509,10.906240175137798,11.061782259868217,32339300,30.240960938589915,15.270835546897432
2025-02-03,26.042247772216797,26.283379057897818,25.85556391403312,26.19781737387935,25677405,29.125048637390137,15.248231998180245
2025-02-04,33.35063934326172,33.54824381223802,33.072192165800615,33.50333386139839,34290300,27.051975386483328,13.113254211904778
2025-02-04,47.729618072509766,48.33926950983483,47.544072422518646,47.8268096140746,32648700,32.290237835475374,12.984269008082588
2025-02-04,26.135587692260742,26.36116183959531,25.840007311355304,25.980018097554034,23154667,32.268863269260954,12.995919916696769
2025-02-04,11.024215698242188,11.152511127741487,10.886756996160956,11.024215698242188,36005500,29.03189808981759,15.217059225970889
2025-02-05,11.280805587768555,11.344952860034832,10.914247623818731,11.134181877824002,42185200,23.800942420959473,13.886465812156768
2025-02-05,26.53229331970215,26.76564691313624,26.25226833520391,26.306717450973757,45348664,26.0136296408517,12.698026123737188
2025-02-05,33.10811996459961,33.29674380524123,33.00931602147987,33.27877914045496,20539800,27.023039954049246,12.978429632331329
2025-02-05,47.9858512878418,48.1183824548511,47.588251045827306,47.63242810149708,21674800,29.113784517560685,15.162674948180626
2025-02-06,48.710365295410156,49.160976651488944,48.5689966963959,48.9489254382142,32789000,29.253891263689315,15.366519772111392
2025-02-06,33.04524612426758,33.3416545341529,32.96440684404257,33.090156074079346,17512400,30.240985325404576,15.354747643365735
2025-02-06,26.578960418701172,26.750085463082527,25.62998906785336,25.9022346027394,44044581,32.463091714041575,13.065039514199777
2025-02-06,11.436593055725098,11.528232776096562,11.088364215772277,11.20749462873758,45483400,32.48534706660679,13.023008345702815
2025-02-07,48.44529724121094,49.2846713611981,48.20673710999066,48.86056558474865,24395500,35.615776198250906,13.953951250799056
2025-02-07,32.85662078857422,33.26081374495229,32.66799352566715,33.108119237237794,21438700,35.57984774453299,13.961805613113055
2025-02-07,26.38450050354004,26.812315662847887,26.21337376743964,26.67230318439177,40083613,32.49394048963274,13.124898842372437
2025-02-07,10.98755931854248,11.39077300164813,10.868428042804041,11.27164172590969,129620600,27.104968207223074,13.101161904616147
2025-02-10,33.081172943115234,33.260812728723835,32.982369005184935,33.063208279272516,17483300,27.110100609915598,13.103883625529136
2025-02-10,10.996725082397461,11.335790667565107,10.97839678776836,10.996725082397461,31716900,24.88406699044364,14.462265715137361
2025-02-10,26.672306060791016,26.866765989680882,26.4545095956797,26.493401581457675,42687021,27.06059741973877,13.191822141461188
2025-02-10,48.94892501831055,48.94892501831055,48.45413324075855,48.4806387995672,15566300,27.132544245038712,13.32855513962351
2025-02-11,11.253313064575195,11.335788627682232,11.024214666584994,11.042542957915906,40337300,24.04635742732457,14.251405660199685
2025-02-11,48.736873626708984,48.76337918725271,48.056536151974626,48.515984967528745,18198300,27.239553587777273,17.085054603672035
2025-02-11,33.081172943115234,33.31470672025198,32.946439677499505,33.24284806488112,16624300,30.39578410557338,15.554523491350649
2025-02-11,26.952329635620117,27.146791247391715,26.75786970479187,26.75786970479187,35512412,29.520235061645508,15.55066541361634
2025-02-12,10.740133285522461,11.042543104981773,10.46521502948462,11.042543104981773,123782500,29.483579090663365,15.601824487252754
2025-02-12,26.205596923828125,26.92121310708434,26.081141570013305,26.757867451322443,34311545,29.416906356811523,15.61683044159818
2025-02-12,32.587154388427734,33.00931543741162,32.43445988006044,32.91949554147902,37364500,27.07951055254255,13.251535406748703
2025-02-12,48.40995407104492,48.851731341186614,48.33043402759969,48.604333777971966,35432600,32.387602124895366,13.297290354318934
2025-02-13,10.886754035949707,11.015049430564277,10.740131227213556,10.776786929397595,44812400,26.980442183358328,13.236526004914992
2025-02-13,26.345609664916992,26.368944518690974,26.09669895485046,26.221154309883726,15168830,26.018218857901438,12.96107444427222
2025-02-13,48.471805572509766,48.59550267640715,47.82681112326392,48.46296813909236,21749900,29.09242970602853,15.519193984299932
2025-02-13,32.62308120727539,32.63206525202303,32.353618113801254,32.51529665516756,15351300,32.218565123421804,13.243375382406347
2025-02-14,49.18748092651367,49.31118139660362,48.59550098687394,48.78988406937925,49803200,35.501691409519744,14.310007212936592
2025-02-14,27.045665740966797,27.14678623106659,26.48561754559471,26.52451120551673,33546090,34.71005017416818,14.647416221226706
2025-02-14,33.62908172607422,33.754834380282254,32.69494313682371,32.730869040187955,40322000,32.59849698202951,13.351350365953195
2025-02-14,11.170836448669434,11.225820443539154,10.969230506676011,10.978393777536839,46996800,32.63908018384661,13.27456631287198
2025-02-17,48.92241668701172,49.40837103723873,48.84289663912051,49.16097683068533,12391400,35.86433832986014,14.200985356145184
2025-02-17,27.100114822387695,27.457923718168683,27.100114822387695,27.131229077919006,20231641,32.81123965127127,13.308026482407412
2025-02-17,11.189166069030762,11.308297343799635,11.170837777247373,11.262477488282213,17475100,29.749251774379186,15.623004871166108
2025-02-17,33.835670471191406,34.06022364424601,33.65603067387532,33.8087251868759,22615200,27.556135995047434,13.352000191424304
2025-02-18,34.4554328918457,34.52728811187247,33.87159338198724,33.88057742599612,44062600,28.614674159458705,13.596271861200474
2025-02-18,49.24933624267578,49.45255340181043,49.046115713047726,49.12563576405636,27608200,30.846139090401785,15.678757375401567
2025-02-18,11.180002212524414,11.308297636505806,11.106690791375355,11.244150361485648,25805300,30.84744848523821,15.676840618538218
2025-02-18,27.054784774780273,27.17701941273339,26.777717129982225,27.144422804868466,34668327,27.72350106920515,13.50275577424119
2025-02-19,10.978394508361816,11.13418148459889,10.941738800655505,11.10668992230441,38006500,25.42039816720145,14.92663437993517
2025-02-19,49.20515441894531,49.24049741183377,48.348108749606695,48.86056866451611,26472500,30.85125364576067,15.777377305250825
2025-02-19,26.802162170410156,26.956993407361022,26.68807581044354,26.93254683337583,25496918,29.846466745649064,15.779601963605069
2025-02-19,34.52729797363281,34.724905881363114,34.015316963976865,34.23088953844719,32648200,29.856733185904368,15.783123386645023
2025-02-20,26.728824615478516,26.924400745269853,26.606588213588726,26.802164343380063,17946380,26.6395172391619,13.26586667981649
2025-02-20,34.5811882019043,34.64406281543137,34.4105290261036,34.50932954278224,26641200,29.982543809073313,11.559570774122566
2025-02-20,10.950904846191406,11.08836442939685,10.923413279126782,11.005888854261816,26359900,27.681989533560618,13.652385125685512
2025-02-20,51.01644515991211,51.38753648187951,49.90316445302314,50.185901661329744,76934000,33.40171105521066,13.873271365807268
2025-02-21,10.850099563598633,11.015050679094056,10.740132444582008,10.996722388954131,45757000,27.922417504446848,14.16258983111089
2025-02-21,34.482383728027344,34.60813295314582,34.284775844892934,34.60813295314582,30115200,29.019592012677872,14.35749134236322
2025-02-21,51.387535095214844,51.387535095214844,50.85740368656862,51.15781238359969,37134700,31.42819731576102,16.66436188459873
2025-02-21,26.647329330444336,26.736969111033332,26.51694467532217,26.704372506996116,34362303,31.41655513218471,16.66822020222414
2025-02-24,34.239864349365234,34.590166725337454,33.952436583110625,34.581186106696045,27830300,31.367794581821986,16.65791562386058
2025-02-24,50.91925048828125,51.749790565409874,50.78671595542874,51.33451884159897,19081700,37.07755824497768,15.286797961812349
2025-02-24,26.500646591186523,26.867353987053455,26.337667091713847,26.78586247629041,29019415,33.57530130658831,14.34012446261026
2025-02-24,10.657657623291016,10.868427730818764,10.611837768715972,10.868427730818764,30213900,33.54780960083008,14.391046549832735
2025-02-25,34.0871696472168,34.52729191265288,33.979385092107236,34.239864148087904,31960900,33.49135044642857,14.38754375495413
2025-02-25,50.42445755004883,50.75137178754932,50.26541746250954,50.6276746906839,19554800,33.35376793997629,14.191151470669832
2025-02-25,10.785953521728516,10.822609232233019,10.675985516273927,10.740133665112616,33494400,31.08785711015974,16.516265447295982
2025-02-25,26.769567489624023,27.00589025856603,26.590289665794675,26.712524305538285,29667378,30.020671844482422,16.520000155494
2025-02-26,50.11521530151367,50.97226092559151,50.11521530151367,50.689523738401874,25399100,29.905809674944198,16.352421660693288
2025-02-26,34.0871696472168,34.35663274819531,33.90752643776138,34.35663274819531,27420200,30.98959868294852,16.340525339924593
2025-02-26,26.704378128051758,27.038488987194118,26.68807982260249,27.014040648506683,24486962,33.28198732648577,13.965830792854748
2025-02-26,10.575181007385254,10.941738059623185,10.52019701257909,10.905082354399392,51824900,29.923131806509836,16.361764066581756
2025-02-27,49.74412155151367,50.35377636112794,49.48788991763211,49.876656085036736,18658000,29.825940949576243,16.221102998938697
2025-02-27,26.679927825927734,26.989590303154408,26.679927825927734,26.86735567088919,23485390,32.09650870731899,14.08328220939713
2025-02-27,10.511035919189453,10.648494623769313,10.474380206372082,10.584347344824195,40713100,29.77386134011405,16.27793252607522
2025-02-27,32.883567810058594,33.00033642157123,31.868586489946313,32.65901463290868,129693500,27.31219741276332,13.80403076549548
2025-02-28,26.028003692626953,26.818459925250533,26.028003692626953,26.679926994130284,40016653,26.16088799067906,13.477004509435302
2025-02-28,48.7280387878418,49.602755976797916,48.7280387878418,49.42604437816743,46789400,29.30712522779192,15.965938512925614
2025-02-28,10.300263404846191,10.520197649504452,10.27277184274916,10.49270608740742,84387200,29.267851284572057,16.019942886773666
2025-02-28,32.27278137207031,32.82967226574369,32.164996811516296,32.77578169867139,55476800,26.771945544651576,13.453478875498343
2025-03-05,49.116798400878906,49.673438720541036,48.94008681378851,49.61159017063338,13843400,29.977212769644602,15.88156362548238
2025-03-05,26.41745948791504,26.55607078626188,26.091318469570556,26.425614026523977,29404182,32.24955899374826,13.607224060890543
2025-03-05,10.511035919189453,10.584347344824195,10.300264915033722,10.300264915033722,41379800,29.05348300933838,15.872388951975624
2025-03-05,31.096120834350586,31.536246538358185,31.033246223265117,31.455407263189823,48552000,29.777499743870326,15.826906566676957
2025-03-06,26.466381072998047,26.686527182431675,26.262542278559565,26.417459128012617,21081617,26.597262927464076,13.441162289514907
2025-03-06,10.602245330810547,10.67568072505912,10.363579861793205,10.482912596301876,44187500,26.640403202601842,13.380485971818196
2025-03-06,30.772764205932617,31.545227641305093,30.5661757054229,31.266783909770393,47749600,26.426115036010742,13.286934163190157
2025-03-06,49.655765533447266,49.93850271496426,49.08145373758853,49.160973780546,17678400,26.503110340663365,13.441005477465072
2025-03-07,31.105104446411133,31.37456755108322,30.745818022575502,30.79971201407363,28074700,27.172773906162806,13.55234074563957
2025-03-07,26.58053207397461,26.841445605189204,26.295158449833846,26.401153360514332,23391804,29.468416213989258,11.458934363764648
2025-03-07,10.730755805969238,10.831730119960744,10.482911592956814,10.5379876956623,29808500,26.55907835279192,13.398033613304104
2025-03-07,50.380279541015625,50.67185078230985,49.08145330758696,49.46138202388932,25480600,29.97534956250872,16.13892034098073
2025-03-10,26.816984176635742,26.816984176635742,26.303311645015295,26.458228506011842,31361893,32.29174082619803,13.90375802656782
2025-03-10,10.574707984924316,10.666501796172243,10.482913298257378,10.611425684507289,42234700,29.406304223196848,16.1808989155659
2025-03-10,31.096120834350586,31.096120834350586,30.539229953418157,31.06019493259412,35037200,26.754926409040177,13.629227814545953
2025-03-10,49.56492233276367,50.079021881482646,48.88557199790435,49.78524971020308,23626600,29.392043249947683,16.161818551656605
2025-03-11,10.51045036315918,10.602245041171667,10.345221168323201,10.583885755401598,43087500,27.096317291259766,17.69625065980586
2025-03-11,26.58053207397461,26.865905698115373,26.42561521544114,26.865905698115373,21005253,29.36057104383196,16.20437307620672
2025-03-11,30.629051208496094,31.347624098106017,30.458392031738946,31.212890824701788,28805400,26.538966996329172,13.413556522990355
2025-03-11,49.9780387878418,50.235092073226525,49.03245979736266,49.647547710131114,23060100,29.847689083644322,16.084258824029728
2025-03-12,10.51045036315918,10.574706987935492,10.40029727479555,10.519630006044213,31708500,29.83850942339216,16.0971048253433
2025-03-12,26.662063598632812,26.743600168316995,26.425611951549744,26.678370912569648,20300754,29.20507267543248,16.126583794930767
2025-03-12,30.629051208496094,30.898517755304553,30.5033019807372,30.682945203139678,20149100,26.499948229108536,13.519618943547336
2025-03-12,49.3537712097168,50.03312155707773,48.79377040556268,50.03312155707773,18825700,32.048994064331055,13.830945938524465
2025-03-13,27.094202041625977,27.1757368516891,26.61314419545288,26.662064376690562,32681045,32.12237548828125,13.79842132842824
2025-03-13,50.03312301635742,50.639028586198656,49.2986925532227,49.4639398451831,20584600,34.89438574654715,15.314237169201466
2025-03-13,10.694039344787598,10.758295972574373,10.455374746527616,10.519630498895422,35174100,29.28238582611084,16.045942039414363
2025-03-13,30.934446334838867,31.024269667015588,30.575163285361313,30.700912523998948,19263600,32.2000995363508,13.757336863338844
2025-03-14,51.676414489746094,51.78657818563428,50.63902947251347,50.67575187182312,31789300,35.77357823508127,15.247156333082359
2025-03-14,11.134650230407715,11.19890596913397,10.730754764480098,10.75829368857888,42086800,32.988663809640066,17.894016848589967
2025-03-14,27.974782943725586,28.170467180490657,27.175735159267415,27.232809875157255,35848233,29.93452262878418,16.39716869116469
2025-03-14,31.886550903320312,32.12008469809063,30.871569591228404,31.078158101404714,41529400,30.619143894740514,16.358814626581932
2025-03-17,52.420021057128906,52.54854944795178,51.538704532301175,51.67641177144825,23191800,30.96012932913644,16.84847499612801
2025-03-17,28.814598083496094,28.904287431517847,27.925862665463548,27.95847729419882,30713817,33.54878057752337,14.434956138039652
2025-03-17,11.299881935119629,11.391675736025352,11.134651867902852,11.143831510619098,23901600,30.743842806134904,16.74969038619681
2025-03-17,32.4793701171875,32.70392328542757,31.976369786822346,31.98535383234123,31175900,28.001407895769393,14.115627399537676
2025-03-18,52.80560302734375,52.8423254273656,51.97936653705612,52.511830831250556,18165300,33.95440115247454,14.595657472218758
2025-03-18,28.969514846801758,29.22961254574453,28.834982587141976,28.97848519117948,30775164,34.09650571005685,14.532441891042112
2025-03-18,32.50631332397461,32.703921195850974,32.25481488806593,32.50631332397461,15086400,34.18504319872175,14.518615310856015
2025-03-18,11.290701866149902,11.382495663590168,11.217266478030137,11.327419560209785,19650500,28.309426171439036,14.22859481621654
2025-03-19,29.041271209716797,29.247555682085988,28.91570575236123,29.148897737735442,25414117,28.34180804661342,14.230193961332285
2025-03-19,52.71379852294922,52.833144575386065,52.19051656493347,52.64953607210805,23211900,34.25808184487479,14.569037520599725
2025-03-19,11.391674995422363,11.501828074599235,11.217266172247033,11.290701558364946,25791100,31.245553970336914,16.9790194214814
2025-03-19,32.4793701171875,32.63206805332365,32.362601510308025,32.57817405943864,21180500,28.341806411743164,14.185596808298609
2025-03-20,28.77220344543457,29.193739190681125,28.565918983419934,28.996425073885042,32136515,28.31361906869071,14.184337623406307
2025-03-20,32.55122756958008,32.76679668431378,32.12008248729407,32.47936891372931,46921900,28.32003538949149,14.186560279556781
2025-03-20,52.54854965209961,52.77805938354266,52.12624908469355,52.36494116653705,17283200,34.214013644627165,14.499429878522244
2025-03-20,11.336599349975586,11.465110843146615,11.235625033433902,11.391675454072058,31369300,31.684774807521276,16.897930236464045
2025-03-21,52.74134063720703,52.74134063720703,52.17215744439613,52.28232114254386,30524100,31.68870939527239,16.903645047777065
2025-03-21,11.49265193939209,11.556907698103307,11.34578025810793,11.364139546550595,74318800,31.70313467298235,16.883468098110512
2025-03-21,28.834983825683594,28.969516091121903,28.682512632719778,28.799107732633125,49041184,31.182508059910365,16.911708732146895
2025-03-21,33.05422592163086,33.260814426754926,32.49733501971339,32.533264349233086,61175700,31.794225556509836,16.887419996334746
2025-03-24,33.009315490722656,33.179974663833974,32.7847623241191,32.96440554268383,20348000,31.859666688101633,16.891729428451786
2025-03-24,11.611981391906738,11.685416779530616,11.446752207462453,11.511007952778627,44562300,26.01158550807408,15.569851453169253
2025-03-24,28.861888885498047,28.987452565178675,28.646635856330974,28.7722012980121,32838563,28.515198298863,14.16223921326296
2025-03-24,52.46592712402344,53.466589714468945,52.29149748311271,53.20035757984568,18646500,28.475853511265345,14.083883932676306
2025-03-25,11.804750442504883,12.199466338952472,11.611982315800125,11.657879655571532,63764400,28.52043901171003,14.021515292607724
2025-03-25,52.64035415649414,53.016749990370116,52.42920561573842,52.62199295703181,15615800,31.92120620182582,16.73485480659555
2025-03-25,33.269798278808594,33.70093995130862,32.90153121939756,33.099135677787515,28036100,31.952002252851212,16.737485476788954
2025-03-25,29.095083236694336,29.552496842326146,28.969517784677418,28.969517784677418,19574017,31.392826216561453,16.76164197714185
2025-03-26,11.997518539428711,12.0709539327131,11.841468109844648,11.914903503129038,49065500,31.447902951921737,16.68627557008769
2025-03-26,28.781164169311523,29.238577674527157,28.6645690881782,29.193733005937357,32860090,31.436370849609375,16.688388430595896
2025-03-26,33.584171295166016,33.79974384430566,33.3686021724358,33.3686021724358,26870300,28.7389771597726,14.03835894428826
2025-03-26,52.961666107177734,53.28298184297954,52.68625512080526,52.695437471507404,29401600,34.618536540440154,14.378451625305004
2025-03-27,53.383968353271484,53.659379348232825,52.88822646111659,53.24626110477041,15345300,34.72476713997977,14.535678823737904
2025-03-27,11.95162296295166,12.089314116732796,11.896545976187802,12.0250583616908,40588300,31.67931352342878,16.927745471109272
2025-03-27,28.81704330444336,28.87982514230915,28.6645721199119,28.83498223097676,29373952,31.639593533107213,16.935144430523565
2025-03-27,33.835670471191406,34.10513701998453,33.58417201382129,33.620101343848305,28444400,34.75932952335903,14.558371455481936
2025-03-28,52.842323303222656,53.595114963206036,52.842323303222656,53.338061675426836,31146000,38.19663797106062,15.706833195059374
2025-03-28,11.786391258239746,11.969979729856478,11.74049392148084,11.933262035533131,25978000,35.08266939435686,18.657332493434733
2025-03-28,33.62009811401367,34.0242944719633,33.31470569094164,33.81770598376886,22057700,32.31958825247629,16.919488783353586
2025-03-28,28.422414779663086,28.826013335948783,28.22509891187866,28.682512488469687,22939851,28.753652027675084,14.142625569951898
2025-03-31,52.05281066894531,52.34658286126762,51.43772273361744,52.071171868720555,20469300,34.48239312853132,14.323037611751754
2025-03-31,33.37757873535156,33.808720354827145,33.3057235119768,33.5482378889745,26049400,35.13389819008963,14.124739837505937
2025-03-31,11.630339622497559,11.722134286417752,11.538544958577365,11.722134286417752,38613400,31.961708068847656,16.719958093230687
2025-03-31,28.17128562927246,28.34169398675722,27.884280410560777,28.34169398675722,26139340,28.4372741154262,13.956824846029953
2025-04-01,33.503334045410156,34.10513835447732,33.41351414323757,33.503334045410156,19075600,31.5396945135934,11.900950492140321
2025-04-01,28.178150177001953,28.420446880353275,27.97174973862634,28.169176551505842,12749134,30.762273379734584,11.920129694127255
2025-04-01,11.647003173828125,11.833953286680812,11.57222312868705,11.637655445323377,20578300,28.365786007472447,13.977681652354999
2025-04-01,52.502647399902344,53.18199777816469,52.28232000838643,52.42002375257369,12354800,28.430048397609166,14.105185448551277
2025-04-02,33.41351318359375,33.50333308318669,33.08117544340843,33.476387798590714,16959200,28.435181890215194,14.107292556152052
2025-04-02,11.674128532409668,11.749022627993353,11.552425403884166,11.683489624751596,18113400,28.441437448774064,14.098605910310324
2025-04-02,28.18712615966797,28.375579351023912,27.98072571694148,28.151229893935575,12147820,28.44370038168771,14.098556593173836
2025-04-02,52.26395797729492,52.60363141000192,51.96100344122926,52.52100776398771,13197700,31.123789514814103,16.753807641075937
2025-04-03,50.37279510498047,51.8141159448157,50.271810262361086,51.410180076378765,32351100,34.29445307595389,18.145780482990432
2025-04-03,11.898812294006348,12.048600503739817,11.561788822106045,11.561788822106045,46295700,34.33042580740793,18.093575179807775
2025-04-03,32.33565902709961,32.6051221670435,31.98535660253159,32.47039231027642,65896000,31.449427468436106,16.227102707205255
2025-04-03,28.68966293334961,28.89606336074074,27.89995748685042,27.953800999952836,32876673,30.77459171840123,16.230033981208457
2025-04-04,48.3622932434082,49.13344611866686,47.37080947434389,48.858035127940354,45819600,36.015758105686736,14.90354987637689
2025-04-04,31.033246994018555,31.446423998958974,30.368571538489956,31.20390959384003,87263200,36.42234679630825,14.691695680407372
2025-04-04,27.944828033447266,28.483263177159543,27.73842760119236,28.339681647497073,32585286,32.94818537575858,13.111690892272767
2025-04-04,11.767745971679688,11.852002054319277,11.55242566520791,11.6834898890401,48847400,27.43317835671561,12.672710184490679
2025-04-07,11.571148872375488,11.86136417217494,11.365190548964858,11.599234828774453,50116900,27.38636929648263,12.7400785796605
2025-04-07,29.80270004272461,31.033250580707747,29.739825422810785,30.46737557507354,85724900,27.02451801300049,12.61139857611416
2025-04-07,27.998668670654297,28.37557499551292,27.406388310442765,27.729451126463157,33261069,26.92580454690116,12.598890795972233
2025-04-07,47.78392791748047,49.09672393104586,46.97605263943082,47.47179452610043,35942800,26.843180928911483,12.43571986928573
2025-04-08,28.74280548095703,30.48533682973266,28.63501920659337,30.269767707414758,62128500,26.51597499847412,12.33683674857853
2025-04-08,28.007646560668945,28.510187228359253,27.81021974386266,28.303786785878373,37102660,26.524949073791504,12.33807214196624
2025-04-08,45.167518615722656,48.48163990113628,45.00227131879605,48.05933930785673,46815300,31.296345165797643,12.136549181043053
2025-04-08,11.252849578857422,11.739661224261189,11.149869522723636,11.674129110581935,56053800,31.250873838152206,12.223057645160184
2025-04-09,11.674128532409668,11.814554738427068,11.06561288978216,11.149868970515818,64688900,28.661077908107213,14.321436600952778
2025-04-09,29.91048240661621,30.16198429410418,27.880523199891375,28.123039328330595,106391600,28.93419415610177,14.324927900337812
2025-04-09,28.519161224365234,29.03067552437233,27.65766494055649,27.81919549377063,37906369,26.18208462851388,11.71226136431351
2025-04-09,47.600318908691406,47.793109752788105,44.77276071908173,45.12161650616448,56491900,28.87601511819022,14.285453181528903
2025-04-10,48.454097747802734,48.876398353262296,47.24228653675036,47.82983094186171,38010400,31.79693671635219,16.05858965492666
2025-04-10,11.65540599822998,11.65540599822998,11.383914645085314,11.599235866025237,29807400,27.00949205671038,16.39990459824519
2025-04-10,28.051179885864258,29.65898130800042,28.024234603547654,29.641016644319603,71250600,29.409253529139928,14.8674284398025
2025-04-10,28.402498245239258,28.752481963470895,27.935853875260793,28.41147187029806,36347258,31.799020630972727,12.732795977454494
2025-04-11,49.26197052001953,49.71181115192471,48.25212906347258,48.25212906347258,22129900,34.56351893288748,14.263212860329219
2025-04-11,28.608074188232422,29.012268866134267,27.64698689516204,28.293699407727832,65329400,34.57622078486851,14.256971272755925
2025-04-11,28.546083450317383,28.833248286420996,28.214046959926947,28.50121355902185,28350853,31.854187147957937,13.130349917426663
2025-04-11,11.814553260803223,11.983065401195045,11.655403104390487,11.720936099436159,28170600,26.619966506958008,12.70621218211831
2025-04-14,28.500286102294922,29.533231988789396,28.239805332622257,29.281730124517537,56015200,29.026377950395858,10.860853146488504
2025-04-14,11.917533874511719,12.01115194022142,11.777107668755209,11.983066877631728,18681300,26.721571377345494,12.664421209245686
2025-04-14,49.904598236083984,50.38197891371286,49.74852979241651,49.94132063483406,19994800,29.79329994746617,15.442927139036097
2025-04-14,29.012725830078125,29.183229994727874,28.689662987858647,28.86016891549956,27027200,26.90055070604597,12.870561802057157
2025-04-15,29.380659103393555,29.42552899508426,28.896065683526984,28.976831841168515,25716216,27.010919979640416,12.890941252083032
2025-04-15,49.39967727661133,50.17083013650965,49.1426239886181,49.92295919918083,17471900,29.990004811968124,15.458726227934976
2025-04-15,11.926896095275879,12.029876148152667,11.889449046813791,11.908173017448865,20639200,30.00605378832136,15.436754591862217
2025-04-15,27.844593048095703,28.626038832610405,27.826628383347153,28.500287892575273,58276900,29.912383352007186,15.449398645950893
2025-04-16,48.25212860107422,49.243608848650176,48.123600206018196,49.13344515492856,23105900,35.10303974151611,14.468556498688022
2025-04-16,11.908171653747559,12.1328539187899,11.870724609573834,11.880085701011296,29640200,29.674978801182338,15.103551545201734
2025-04-16,27.844593048095703,28.26675239045829,27.709861488891022,28.105075547335513,73227700,29.508102689470565,15.118533963440038
2025-04-16,29.33578872680664,29.542189167377472,29.1652845515933,29.25502257050011,32431301,29.501692635672434,15.118606515563908
2025-04-17,28.395126342773438,28.698866680240904,28.036159212622962,28.229449475868954,65752700,26.50104250226702,12.340319859863897
2025-04-17,48.545902252197266,48.94983814273935,48.2521300587047,48.454096252955345,23172400,31.73232909611293,12.882200558493654
2025-04-17,29.389633178710938,29.461425711710806,29.03964942856273,29.228102623948224,20502356,31.953049114772252,12.817561251862136
2025-04-17,11.96434211730957,12.067322161351635,11.805191951797273,11.954981025603187,26318600,26.769079617091588,12.460022042054245
2025-04-22,28.459556579589844,28.76329692489383,27.916505393202062,28.34910474694643,41683900,29.1335631779262,10.601796585409641
2025-04-22,11.917533874511719,12.020513925353999,11.795831639020365,11.908172782187183,23746500,26.858269010271346,12.469162102064054
2025-04-22,29.963966369628906,30.098574283673972,29.27297249569659,29.344763265654535,21624747,26.948008673531668,12.492203574344998
2025-04-22,49.40885543823242,49.84033486040244,48.43573290173601,48.80294987831142,16780900,29.94996997288295,15.141796388343886
2025-04-23,49.996402740478516,50.81345688428459,49.94132264218021,50.40034213888392,18377400,30.1571843283517,15.445572138110665
2025-04-23,28.137407302856445,29.251123072683562,28.07297779863639,28.855339826106295,71566500,29.978294917515345,15.463185024210032
2025-04-23,12.3107271194458,12.385621207574435,12.001788782713191,12.001788782713191,38980300,30.027778489249094,15.396340813117265
2025-04-23,30.592140197753906,30.663929202048326,30.107546788853917,30.233181072351684,28074813,30.33243329184396,15.381229604840032
2025-04-24,12.507325172424316,12.59158125048656,12.32008993940156,12.348175001152969,28878200,30.41668919154576,15.264717545497632
2025-04-24,28.008548736572266,28.385923057737685,27.66799052315422,28.358309660247894,61589200,30.13734381539481,15.292250521566455
2025-04-24,50.776737213134766,51.10722830401613,49.85869823370247,49.98722313049647,19621700,30.332755497523717,15.585482858550433
2025-04-24,31.18442153930664,31.238263294081754,30.574190303310264,30.645982835659716,27701953,27.64532961164202,13.044501795211332
2025-04-25,49.436397552490234,50.14328798562363,49.24361020764679,50.03312428886178,26162200,30.688042504446848,15.442128263421768
2025-04-25,28.091386795043945,28.284675308151613,27.796850914743313,27.925709923481758,35581500,32.94242245810373,13.317890530592326
2025-04-25,31.0677547454834,31.38184219993492,30.96006771898523,31.184418923006888,32716096,33.01036739349365,13.305108579281082
2025-04-25,12.52604866027832,12.647751780263437,12.44179258545724,12.497963599607287,26229400,33.0130421774728,13.300300807390748
2025-04-28,12.497962951660156,12.703921242980625,12.469876999637236,12.535409994882782,19185700,30.797244208199636,15.39936798464676
2025-04-28,27.980934143066406,28.33069680736414,27.842870672663523,28.128202078905787,27362000,27.540700912475586,12.63170051860018
2025-04-28,49.61082458496094,49.73934947474965,49.23442876399087,49.48229969517222,12001900,30.173044204711914,15.180405069281239
2025-04-28,31.399797439575195,31.4715864501241,30.93315124109313,31.05878553553655,15664343,27.59638704572405,12.692663201615721
2025-04-29,28.128202438354492,28.358308810490577,27.7508281284971,27.88889160066429,33041100,27.601646423339844,12.692910121602928
2025-04-29,49.427215576171875,49.8862350360167,49.427215576171875,49.76688899588569,11816200,30.224426542009628,15.181395067749506
2025-04-29,12.638391494750977,12.769456616848199,12.479241308207241,12.48860329395878,29771000,30.240475518362864,15.15961072097991
2025-04-29,31.651060104370117,31.785667999937747,31.27415376560214,31.408765187151946,25215842,32.976632254464285,12.997883828871139
2025-04-30,27.603561401367188,28.14661260387037,27.57594800349381,27.990140193732632,52798300,32.92272186279297,13.022816199737324
2025-04-30,31.92925262451172,32.018992395699215,31.435685645971553,31.45363289501263,32424606,30.396783011300222,10.765640480437934
2025-04-30,48.52754211425781,48.88557676403406,47.93081536327016,48.28885001304641,18774400,32.84360367911203,12.788041013432549
2025-04-30,12.853710174560547,12.872434143681007,12.479239720231202,12.544771826536842,55291100,30.66153335571289,14.861778577700335
2025-05-02,31.84634780883789,32.03489457065967,31.199904792077483,31.801453874829544,39184393,28.149980817522323,12.45212470477762
2025-05-02,12.582220077514648,12.872435377032385,12.563496999408255,12.79754127899066,27262900,28.141956329345703,12.463799436587918
2025-05-02,48.47245788574219,49.17016947804933,48.24294813864868,48.89475497990446,17135800,30.545013155255997,14.678047598618184
2025-05-02,28.358308792114258,28.358308792114258,27.585151241792246,27.79685043825521,33146600,30.65283421107701,14.655594197749116
2025-05-05,12.468758583068848,12.73125850966085,12.412508151763996,12.609383320225566,32690500,27.872763633728027,16.143360158840643
2025-05-05,31.28070640563965,31.77451849568655,31.199903677231845,31.64882183487457,28440154,25.40892996106829,13.5778577630359
2025-05-05,27.299821853637695,28.183431300396457,27.299821853637695,28.137408969247733,59011700,27.472660200936453,12.398107243585276
2025-05-05,48.61934280395508,48.729510001355926,48.408194261997885,48.564262707295384,12201600,29.868802343096053,14.776901688129787
2025-05-06,12.412507057189941,12.459382263465335,12.300007098571113,12.421882277259058,26635800,29.84455762590681,14.81009309583485
2025-05-06,27.75082778930664,27.971729693188585,27.5759464570605,27.714011683112457,52751300,26.884324754987443,12.329350692768084
2025-05-06,48.656063079833984,49.188527337913534,48.58261828477173,48.646884231471496,12065000,29.784003938947404,14.860777885574143
2025-05-06,31.119094848632812,31.3166196683232,30.903613868558374,31.262747659438144,17773062,32.44833769117083,12.762773613040967
2025-05-07,12.22500991821289,12.525009876379706,12.140634706460874,12.459385109048315,45197400,29.726095335824148,14.905679796033265
2025-05-07,27.879688262939453,27.888890972714066,27.52072113670056,27.888890972714066,35050400,29.808933394295828,14.891553098721008
2025-05-07,48.56426239013672,49.16098561297766,48.34393149881467,49.16098561297766,11240100,29.80106476375035,14.879967250904652
2025-05-07,31.46027183532715,31.55005616314297,31.181940771871382,31.352531347494725,13799837,32.52217401776995,12.76088118896824
2025-05-08,28.266265869140625,28.560803499724344,28.026956787373063,28.155815793797487,44665000,32.595808029174805,12.730210707067592
2025-05-08,48.41737747192383,48.93147706075376,48.35311152127929,48.56426356902392,15414600,32.56171008518764,12.680245242955984
2025-05-08,31.711666107177734,32.322193137282106,31.550053624566335,31.963059382648208,34181683,32.64636312212263,12.67098384509678
2025-05-08,14.1375093460083,14.334384512917142,13.59375905532108,13.59375905532108,218670200,32.9195773260934,12.167898127410288
2025-05-09,33.42653274536133,33.444488902348915,32.133647109468555,32.681327536251004,59744738,33.7119836807251,11.963887580593038
2025-05-09,28.45035171508789,28.698867018372642,28.20183641180314,28.625233049500007,25075600,30.838567870003835,10.06732830643317
2025-05-09,14.175009727478027,14.381260120916163,13.90313457461106,14.081260198875452,58078200,28.369244711739675,11.851240100416534
2025-05-09,48.610164642333984,48.72951069018492,48.206225250235676,48.65606589087949,15558800,31.275515965053014,14.102427086121168
2025-05-12,13.968759536743164,14.250009914772754,13.86563478556278,14.212509923973496,28273600,26.354284831455775,13.098482668947332
2025-05-12,29.131467819213867,29.61008776297477,29.131467819213867,29.36157420286575,53493600,25.985685076032365,12.958148273888204
2025-05-12,32.7531623840332,33.61508631740266,32.54665948101903,33.61508631740266,27701747,28.645064081464493,11.995798182776843
2025-05-12,49.831153869628906,50.675751537983,49.831153869628906,50.08820716106227,26482400,30.98858138493129,14.439174080248218
2025-05-13,29.573272705078125,29.68372278347753,28.855340173192626,29.241918958735226,56165300,31.14899866921561,14.412487881376729
2025-05-13,50.64820861816406,50.88690071303496,49.69345074480279,50.023945336445095,21187200,36.35945565359933,13.83461658137017
2025-05-13,33.15718078613281,33.31879325925623,32.78906897382419,32.93272176169765,25374256,34.15188653128488,12.743893042765654
2025-05-13,14.268759727478027,14.296884495818652,13.968758920253725,13.968758920253725,41967000,34.19474370138986,12.664965576818355
2025-05-14,33.381649017333984,33.525301829646295,33.04944946354539,33.16616803499907,18405585,34.801912443978445,12.4823335258566
2025-05-14,50.40033721923828,51.125585291686654,50.34525362427592,50.95115916069992,16297800,37.32293742043631,13.720279465340015
2025-05-14,14.25001049041748,14.428136124462265,14.203135276507256,14.259385712013593,44162100,32.239916937691824,14.857776916620251
2025-05-14,29.370779037475586,29.564067559494138,29.17749051545703,29.453617477075653,28060100,32.21098927089146,14.864029918913316
2025-05-15,14.39063549041748,14.568760222448697,14.296885066777703,14.315635509133779,37314300,27.031335966927664,13.634934333902933
2025-05-15,33.83056640625,33.91137265480007,33.4175606111417,33.543257260145786,27141221,27.12753391265869,13.687630591424233
2025-05-15,29.333959579467773,29.536452544497973,29.076239823961167,29.177487184262368,32468300,29.2797053200858,12.45796087884378
2025-05-15,50.9052619934082,51.08887048928255,50.345257656909816,50.492143753201134,13955400,31.783078602382115,14.934163018366604
2025-05-16,14.437511444091797,14.475011438982799,14.240636247396436,14.29688668676814,35982000,26.645532063075475,13.587255308351496
2025-05-16,50.94198226928711,51.10722605644037,50.31771551056367,50.67575013647022,18163800,31.887242317199707,15.011222988891284
2025-05-16,34.02809143066406,34.11787575985098,33.55223554429326,33.830566611999416,30524874,32.55257265908377,14.984285601783563
2025-05-16,29.472023010253906,29.600882010071313,29.140669290069493,29.306346150161698,48111800,34.70705659048898,12.873189887776132
2025-05-19,29.43520736694336,29.545657444942105,29.177489347898067,29.306348357420713,30200500,34.07914815630232,13.02931555826528
2025-05-19,14.568760871887207,14.681260848827725,14.371885688723717,14.400010459441262,34562300,31.969834055219376,14.975381681391166
2025-05-19,34.4321174621582,34.64759843056256,33.85749919459146,33.956261599087846,25052690,29.616527693612234,12.611624211897773
2025-05-19,50.80427551269531,50.923621556483894,50.37279608656473,50.49214213035332,14475200,34.81177970341274,12.805610819723109
2025-05-20,34.38722229003906,34.45904691771478,33.99217272689379,34.45904691771478,18517546,32.446813992091585,10.6829099130987
2025-05-20,14.709385871887207,14.728136315400798,14.493761135903059,14.578136343573501,27806300,29.686998912266322,12.540250185742956
2025-05-20,50.813453674316406,50.97870096285407,50.57476509200679,50.79509597740388,10499200,32.73577472141811,14.859132360041393
2025-05-20,29.55486297607422,29.830989920194952,29.407595038466855,29.499636182792234,33485800,32.752868379865376,14.85477081769526
2025-05-21,50.16164779663086,50.76755336510692,49.9780393057507,50.629849623477305,14486300,37.83756651197161,13.63457642377692
2025-05-21,33.695892333984375,34.29744487819119,33.41756126254549,34.288463270192466,20822892,37.73239149366106,13.668022258842447
2025-05-21,29.223508834838867,29.812580577128085,29.16828379789232,29.646903710716174,28724100,34.649424825395855,12.621959322019952
2025-05-21,14.446884155273438,14.681259306122314,14.315634643003026,14.625009770597922,25605500,31.80080509185791,14.760050820907589
2025-05-22,49.785255432128906,50.16165128871836,49.546566828796465,50.14329008814803,18476000,36.81164360046387,13.920721524572874
2025-05-22,33.46245574951172,33.88443963997204,33.34573364864429,33.79465530808408,23576494,34.332929611206055,12.482502014294315
2025-05-22,28.836929321289062,29.131465184836824,28.72647749467254,29.122260719654427,42207300,34.23036766052246,12.5311585322486
2025-05-22,14.48438549041748,14.709385441576236,14.325010301495778,14.381260736320632,46122600,29.13361590249198,12.223199122080084
2025-05-23,14.66250991821289,14.709384233635546,14.062509203658182,14.40938432339332,35866200,26.41456127166748,13.123041544303836
2025-05-23,33.86647415161133,33.86647415161133,32.64540969088139,32.86089414470337,20729677,27.077842031206405,13.403025441027305
2025-05-23,49.86787796020508,49.978041659104264,49.19770991367036,49.57410576178002,14747300,32.1379840033395,14.482494773411839
2025-05-23,28.90135955810547,28.90135955810547,28.413535180019284,28.61602815247277,25732400,29.15457030705043,12.214746395969442
2025-05-26,14.737512588500977,14.859387797822567,14.53126216548979,14.62501260160499,16875000,26.47957842690604,13.130148402752592
2025-05-26,33.93830871582031,34.342336452513386,33.70487156547014,33.77669621004986,6695412,27.208346911839076,13.421143842341555
2025-05-26,28.809316635131836,29.02101582839529,28.66204869973168,28.956584570531987,21277100,29.25476564679827,12.193657603787763
2025-05-26,49.583282470703125,49.656727268159756,49.39049513044051,49.51902002394892,7194500,34.24344744001116,12.370783869830017
2025-05-27,15.037511825561523,15.225010889425938,14.812510981969513,14.850010973556461,51944300,31.553595679146902,14.354421489692795
2025-05-27,34.20765686035156,34.67453109477822,34.00115398103227,34.38722550177683,15157789,29.316421236310685,12.061598544499713
2025-05-27,29.02101707458496,29.149876084700356,28.864544667056695,29.01181260878067,34361500,29.333515167236328,12.060997047624175
2025-05-27,49.427215576171875,49.76688899588569,49.22524589318718,49.5741016632406,17943000,34.28918702261789,12.190218884928845
2025-05-28,15.140637397766113,15.300012603559056,15.037513526823044,15.046886961157174,53685300,31.603805405753,14.187280306238604
2025-05-28,33.929325103759766,34.25254653487293,33.84851886404836,34.189699981111524,14984646,32.335235186985564,14.151133538985999
2025-05-28,49.03246307373047,49.38131887589429,48.83049337215549,49.33541762609294,17700600,32.256546701703755,14.040337267351106
2025-05-28,28.928974151611328,29.195896637457228,28.928974151611328,29.14987606404073,30516200,34.24104131971087,12.040185963914354
2025-05-29,33.659976959228516,34.081957276637574,33.53427679144508,33.81260783763327,18040759,34.16280133383615,12.04221836619683
2025-05-29,28.754093170166016,28.99340401716687,28.579211828978398,28.974995085342414,20778800,34.12466934749058,12.061620533517319
2025-05-29,15.075011253356934,15.328136872667308,15.03751215501874,15.084386474976652,35789500,29.21721158708845,11.783008247040495
2025-05-29,49.069183349609375,49.46394038448089,48.95901965444824,49.32623313899893,10246100,34.06414672306606,12.003729146705188
2025-05-30,47.829830169677734,49.01410131200895,47.783928920402126,48.97737891177212,28286100,36.04993316105434,13.079306238016835
2025-05-30,15.187512397766113,15.206261053202018,14.850011565949755,15.037512425434558,55543700,31.214940207345144,13.720203649733627
2025-05-30,28.441146850585938,28.781705049077516,28.441146850585938,28.671253219531735,45127700,31.145250592912948,13.734981018203728
2025-05-30,33.60610580444336,33.866480698311946,33.3008405121833,33.78567445347461,32129614,31.137554713657924,13.733352143057132
2025-06-02,48.25212860107422,48.42655474130351,47.97671411370914,48.27048980036793,19267700,33.92298834664481,15.08060030449372
2025-06-02,15.22501277923584,15.468763201841766,15.187513677064628,15.300012771719135,26220300,33.94441713605608,15.049428941118139
2025-06-02,28.606822967529297,29.131465194086864,28.542393466804295,29.122260728901544,35111000,31.021222795758927,13.532847514829838
2025-06-02,33.370445251464844,33.91838408015759,33.2626504192205,33.83753972067265,23768074,28.955596378871373,11.488760072310141
2025-06-03,48.22458267211914,48.3255675122325,47.618677133479466,47.67376072864326,12824900,33.67517784663609,11.674489279601422
2025-06-03,15.486860275268555,15.524405038277935,15.214666114149043,15.336684803696699,50865800,31.824565478733607,13.522873537657343
2025-06-03,28.615516662597656,28.729295039009852,27.866468149239516,28.331067104617798,59828700,31.11162417275565,13.54483150827076
2025-06-03,33.262657165527344,33.370452019634556,33.038092199831596,33.244692532975264,24216330,28.970271110534668,11.398150901526881
2025-06-04,33.18180847167969,33.49620005518087,32.939275401392585,33.38840875596322,17784701,31.535527638026647,9.680290946309128
2025-06-04,15.43992805480957,15.7590513162752,15.364840333890157,15.505629586834997,36692500,29.654542650495255,11.459875508807551
2025-06-04,48.444915771484375,48.95901884379177,48.30720852828255,48.30720852828255,11714700,31.808038439069474,13.50789806724478
2025-06-04,27.828540802001953,28.871518829262037,27.752687953208923,28.67240397088373,41952900,28.894318171909877,11.414062799104487
2025-06-05,48.57344055175781,49.26196976209384,48.53671815338346,48.65606419707976,12594000,33.62097249712263,11.781370039967479
2025-06-05,27.838024139404297,28.10350822029774,27.69579845781176,27.97076617985102,23774000,33.50990213666643,11.839943885943278
2025-06-05,32.77759552001953,33.23570773345874,32.67878651896834,33.23570773345874,25542146,33.44060761587961,11.843051113940666
2025-06-05,14.989398956298828,15.486855268847473,14.923696537388386,15.486855268847473,36435500,30.841691970825195,13.751646837234064
2025-06-06,14.980013847351074,15.06448685754866,14.867382271971437,14.980013847351074,19352100,30.775989941188268,13.838322563851358
2025-06-06,48.63770294189453,49.087543566360715,48.38983200621406,48.79377138378549,16638900,30.803530965532577,13.87947867689397
2025-06-06,32.858436584472656,33.01113946379224,32.60692118464481,32.759624063964395,18733537,31.522087505885533,13.829903447312914
2025-06-06,28.131954193115234,28.283659901464702,27.83802460924748,27.92335929625339,28069300,28.601875168936594,11.609251043207468
2025-06-09,14.867383003234863,15.045717011027929,14.59518979223366,14.961242206443002,28177300,26.748926435198104,12.732289217383792
2025-06-09,48.92229461669922,48.92229461669922,48.307206722640196,48.55507764991408,13029200,29.05531202043806,15.224676442069034
2025-06-09,32.687767028808594,32.903349650211425,32.22066899617119,32.759625549678276,24664895,31.58365031651088,13.912476378406689
2025-06-09,27.657873153686523,27.942320902165154,27.36394357246198,27.705280508941403,43834800,33.394773074558806,12.097601805712364
2025-06-10,49.25279235839844,49.45475855130089,48.75705047192367,48.93147661625778,18890600,33.48264299120222,12.228298011223856
2025-06-10,32.6370849609375,33.162908015418466,32.60988832221973,33.09038008340374,20974508,33.451021330697195,12.23046720793513
2025-06-10,28.49225425720215,28.653441795321523,27.828542247897115,27.88543143532905,46241800,33.5024927684239,12.205083089018157
2025-06-10,14.857996940612793,15.055103327791846,14.801681597232703,15.008172383114696,27623200,33.50115190233503,12.207471860751177
2025-06-11,48.821311950683594,49.39967747342174,48.646885809812396,49.39967747342174,13639700,33.48672580718994,12.186251952445364
2025-06-11,29.44041633605957,29.544714688573062,28.729295151048714,28.729295151048714,52432400,33.02281856536865,12.283160801102037
2025-06-11,32.9362678527832,33.17197924490022,32.40138266508612,32.60989741090541,16665400,33.77687495095389,12.058889391381255
2025-06-11,15.317907333374023,15.355452083910526,14.689047083745525,14.801679545122793,48251000,28.92903423309326,11.6133502820819
2025-06-12,33.19010543823242,33.3895545844093,32.69148257279024,32.71867921215051,22525482,29.008037158421107,11.644618399540606
2025-06-12,15.468084335327148,15.52440146688545,15.14896108409313,15.21466261401206,38328100,27.147441455296107,12.730634979466709
2025-06-12,48.5,48.69278734135755,48.169505413649496,48.564262447119184,11136800,31.953441892351425,13.635934330542609
2025-06-12,30.104129791259766,30.255835497498378,29.13700455763262,29.203375578052675,51729500,29.279558726719447,11.434447859134098
2025-06-13,32.79121017456055,32.9543971499961,32.55549882079906,32.79121017456055,14821597,29.758243560791016,11.512177853528186
2025-06-13,47.85737228393555,48.206224569588386,47.7013038386355,47.80228868523423,13264900,31.889829908098495,13.421713956817998
2025-06-13,30.84369468688965,31.450517512431077,30.50235594328526,31.39363013312991,74902600,34.1077995300293,11.349629139341909
2025-06-13,15.289751052856445,15.43992647937188,15.148960024044962,15.261592489047688,29855200,31.55060604640416,13.418808976320257
2025-06-16,30.540283203125,31.222960688746827,30.407541162465055,30.843694615190405,45972200,33.70377731323242,11.47683774817903
2025-06-16,33.389549255371094,33.74311619692696,33.10850667386759,33.11757221887413,17874002,31.54514149257115,9.476808547012729
2025-06-16,15.61825942993164,15.712119523571904,15.411768656108968,15.430541032883498,25238300,29.475731440952845,11.258117465501215
2025-06-16,49.41803741455078,49.6200035983013,48.0226178169879,48.0226178169879,41210000,31.850992475237167,13.58725730630732
2025-06-17,47.19638442993164,49.47312070942673,47.16884438082979,49.23443211244873,43657300,31.756565638950892,13.459171664196298
2025-06-17,33.58900833129883,33.62527052207939,33.33516230953116,33.53461148302674,20133513,32.14875330243792,13.468133043222865
2025-06-17,15.852911949157715,15.852911949157715,15.590105782522476,15.608876372830178,33555400,32.22920485905239,13.351821519982842
2025-06-17,31.232439041137695,31.374664715345585,30.691987266266352,30.701470906919756,57633400,32.32808426448277,13.339786812308486
2025-06-18,47.04031753540039,49.473118661838576,46.893431442868426,49.23443007473939,20499000,34.27819401877267,14.470671930388567
2025-06-18,33.389549255371094,33.61619500473513,33.28075915319235,33.48020470543655,20285232,36.816949708121165,11.99917805661366
2025-06-18,15.730892181396484,15.909226183475884,15.590102933536924,15.608873520414429,32449600,32.00450038909912,12.82964260156945
2025-06-18,31.203998565673828,31.48844632642569,30.80577242401112,31.251405922974218,49342900,29.71987383706229,10.961365553519768
2025-06-20,45.8285026550293,47.07703618604835,45.8285026550293,47.04031728963771,39947200,31.468373026166642,12.543432435261318
2025-06-20,15.59949016571045,15.712120855440217,15.477471496565244,15.608874564660818,39693200,31.432169914245605,12.59626814762944
2025-06-20,33.21730422973633,33.244500870858666,32.99065842951484,33.10851410314597,21841974,31.71572208404541,12.613351568566719
2025-06-20,31.118661880493164,31.441036953195166,30.938512487522654,31.033327196044127,85062700,29.44119984763009,10.676133211240618
2025-06-23,33.144775390625,33.217303327081346,32.77307728575065,33.217303327081346,14711387,29.406232152666366,10.66143651706274
2025-06-23,46.40686798095703,46.40686798095703,45.745882321779234,45.92030846063826,17288800,33.78851440974644,10.404912961476974
2025-06-23,15.477469444274902,15.571329533425684,15.27097868032902,15.571329533425684,25046300,31.541867392403738,12.535655602128033
2025-06-23,30.341169357299805,31.611705968814704,30.161018157867943,31.56429861508377,54592400,29.32939120701381,10.846845476902239
2025-06-24,29.74382781982422,30.189463085296314,29.525749294744642,29.667974970201847,48728300,31.350010871887207,9.027786634333562
2025-06-24,15.52440071105957,15.777820629804154,15.496242146651355,15.580716049643662,32515100,28.822453226361954,10.733506013168624
2025-06-24,33.770320892333984,34.069494635258145,33.16291142141638,33.2898326439021,20742037,29.20126165662493,10.873923375650868
2025-06-24,46.39768981933594,46.590477160198716,46.030472834990995,46.581298311508405,18576300,31.09453514644078,12.678904440786111
2025-06-25,15.392996788024902,15.627646134763795,15.392996788024902,15.515015450859295,33727300,26.663982118879044,11.826452525215531
2025-06-25,46.34260559082031,46.4527692838093,45.64489753250248,46.1314570534078,23319900,31.07328728267125,12.683363300838273
2025-06-25,33.162906646728516,33.670591463576585,33.03598188041596,33.63432928011616,20384627,31.476392609732493,12.70104511987999
2025-06-25,29.592121124267578,29.90501617208124,29.592121124267578,29.6964194735388,23127700,31.45472022465297,12.704623130033838
2025-06-26,15.533785820007324,15.533785820007324,15.233434946834112,15.458698101714022,27870800,31.45606095450265,12.70266214346494
2025-06-26,32.918128967285156,33.353289453502704,32.818404392351894,33.2082371454638,23717707,31.334319250924246,12.680850718724955
2025-06-26,29.829160690307617,29.96190453348968,29.686936823338954,29.72486415238371,17227000,28.967386518205917,10.808697309623206
2025-06-26,47.7380256652832,48.01343665140554,46.67310061744698,46.67310061744698,40488400,33.58810492924282,10.951279926646423
2025-06-27,48.536720275878906,48.73868997372922,47.655403688598845,47.91245348437866,26016900,33.90154988425119,11.399409865334954
2025-06-27,29.592121124267578,29.819681487854723,29.525750105085763,29.76279049272062,16482100,33.391437666756765,11.517257723024114
2025-06-27,15.552558898925781,15.608874242628803,15.308523355902686,15.402383455562722,28697200,31.385785920279368,13.36360523809385
2025-06-27,32.881874084472656,32.963464022185455,32.58270029322085,32.63709358502939,14240265,33.864084243774414,11.39791138989948
2025-06-30,48.334754943847656,48.68360724377143,48.14196409152667,48.4632798440344,19961900,36.066459383283345,12.609695936401168
2025-06-30,29.75330924987793,29.857607601216234,29.48782516788904,29.59212171075267,23091100,36.055623463221956,12.615980192810545
2025-06-30,15.796594619750977,15.796594619750977,15.468085162359488,15.515016107833997,30209500,31.492561885288783,13.436125117719783
2025-06-30,33.49834060668945,33.50740615203405,32.56455737729308,32.77307204441945,30712643,29.344221932547434,11.287079709724228
2025-07-01,48.98655700683594,49.30786922589,48.19704298054247,48.28884547111776,21844300,32.1148556300572,13.5179757224898
2025-07-01,29.857606887817383,29.933459739212495,29.63953016611576,29.81968136635714,17014100,34.15843391418457,11.532317050024677
2025-07-01,15.937198638916016,16.0518537215848,15.822541733837552,15.841651521752242,24480600,31.737765993390763,13.461874540916627
2025-07-01,33.65040588378906,33.71389860082159,33.3873722642325,33.496210812625705,18712010,29.640001841953822,11.436245341133988
2025-07-02,50.767555236816406,51.13477223211537,49.39049675750652,49.399679108511435,63100200,32.64203698294504,13.952308136323468
2025-07-02,30.38857650756836,30.568729514268654,29.848124721365913,29.942941236667572,28311600,34.7266058240618,11.96447922612608
2025-07-02,33.3782958984375,33.813667872900304,33.15154181486901,33.650402937001395,20331479,34.70945658002581,11.96661901882168
2025-07-02,15.649253845214844,15.95535141660044,15.496205059522046,15.95535141660044,29531300,29.946984699794225,11.971407514536791
2025-07-03,34.20368576049805,34.28531823425169,33.414581351021084,33.414581351021084,13945170,30.567853110177175,12.07822254942403
2025-07-03,16.02231216430664,16.14666363504696,15.649255927599993,15.668385659993032,34023600,30.58001218523298,12.061069852831665
2025-07-03,50.528865814208984,51.30001869008139,50.32689611989645,50.95116290046177,18256300,32.99122074672154,14.263288497202145
2025-07-03,30.492876052856445,30.710952780682998,30.284281157779915,30.34117034580539,14322300,30.094838006155832,11.917555817456966
2025-07-04,15.945784568786621,16.060572062591767,15.897957510650913,15.936218792262416,11797800,28.031582014901296,13.05423988494031
2025-07-04,34.22182846069336,34.457656023347596,34.08577670194148,34.19461882170366,7528785,28.152086666652135,13.115571063631362
2025-07-04,30.454946517944336,30.635099518683138,30.312722653935523,30.341168150127107,9356900,30.267185619899205,11.900812688010575
2025-07-04,50.675750732421875,50.675750732421875,50.262632504578846,50.519682289885324,5449600,32.620337758745464,14.212836202332065
2025-07-07,49.9321403503418,50.65739199648389,49.75771420212215,50.5380459466279,13174500,37.46459892817906,13.366402338692986
2025-07-07,33.76831817626953,34.26717934653791,33.695759143360085,34.23089983008319,13885121,35.070234979902,12.07491090366551
2025-07-07,15.79273796081543,16.041442711121842,15.73534511827874,15.936220979399938,22852900,32.97021525246756,14.110397682639052
2025-07-07,30.398059844970703,30.587689256731814,30.246352336917717,30.454947221719365,17938800,35.03482600620815,12.121374763607893
2025-07-08,33.686683654785156,33.849948596523355,33.46899944166954,33.704823411910965,21526588,34.95837674822126,12.129042063894563
2025-07-08,15.830999374389648,15.830999374389648,15.697082132570307,15.802303865134407,18149600,32.869241441999165,14.128613080049119
2025-07-08,30.834213256835938,30.900584274294154,30.36961251767925,30.407539846783713,28778300,30.03473608834403,11.751133759483325
2025-07-08,50.1065673828125,51.03378517791408,49.90459769392198,50.05148378528582,26632000,30.059654235839844,11.800439515468105
2025-07-09,15.649253845214844,15.830998137921641,15.620556513715405,15.811868408074123,22687500,27.471216474260604,12.796533498213646
2025-07-09,30.644580841064453,30.938512222078014,30.39806043085414,30.881621227283674,22338900,29.592908314296178,11.72376478633896
2025-07-09,32.98828125,33.64133388197021,32.88850902313209,33.63226400350975,16093132,29.962939943586075,11.794078946169316
2025-07-09,49.61082458496094,50.21673013827959,49.34459245494683,50.21673013827959,12209400,32.23781721932547,13.96751842936077
2025-07-10,50.74919128417969,52.43838306725864,50.67574999032789,50.804274881099005,46597200,37.22613034929548,13.35323836653385
2025-07-10,31.97241973876953,32.56197966719843,31.963349860163163,32.56197966719843,39571879,37.38873127528599,13.269097224222246
2025-07-10,30.5687313079834,30.748880708305297,30.07568503778885,30.350650958976058,23102800,34.59761183602469,12.156275862709228
2025-07-10,15.438811302185059,15.486640190823167,15.343157173879938,15.44837707991268,24133500,34.56754861559187,12.21108306600148
2025-07-11,51.41018295288086,51.61215264942023,50.50132282049448,50.675752468247865,18313200,37.53406320299421,13.548348555866365
2025-07-11,30.938512802124023,31.00488382215381,30.483395686084343,30.530803040827145,23946700,37.24123913901193,13.68444020013606
2025-07-11,31.709383010864258,31.927067228064875,31.500768672396752,31.881717834399346,43139284,34.6838903427124,12.618755746922572
2025-07-11,15.352721214294434,15.41011588098605,15.228369752100383,15.343157260998057,20943500,29.627251761300222,12.192969483363198
2025-07-14,50.822635650634766,51.32755636098657,50.372795034696246,51.28165511496197,15141300,32.32013974870954,14.634400080620189
2025-07-14,30.530803680419922,31.071255493098356,30.454949017682896,30.938513450257954,24106300,32.31472151620047,14.635163595807349
2025-07-14,31.654964447021484,31.772876436994206,31.301224913300203,31.682174083829853,26665052,34.63131482260568,12.670180101746247
2025-07-14,15.410118103027344,15.457945174347826,15.257068373175906,15.314462135900559,16403700,29.48844841548375,12.013750776319908
2025-07-15,30.293764114379883,30.701473895382968,30.161020259429616,30.56873184890745,18688300,29.396341460091726,12.003247526565664
2025-07-15,31.76380729675293,31.94521200730036,31.464490593490638,31.654965183185116,27356285,29.40411635807582,12.005012961487626
2025-07-15,15.400550842285156,15.601426711889282,15.209238926436388,15.477075243727533,20723100,29.4109491620745,11.99569250530373
2025-07-15,49.491477966308594,50.82263509881216,49.13344334834734,50.427878083613706,25029100,29.22078377859933,11.603835649995045
2025-07-16,31.917991638183594,32.01776385019836,31.636818320162128,31.827292867081443,27655294,29.418953486851283,11.641720163663758
2025-07-16,15.362286567687988,15.486639850932296,15.218803553893833,15.448376740861583,18619600,27.09142807551793,12.700698197958866
2025-07-16,49.941322326660156,50.051486024601616,49.49148168183456,49.665907828745276,26394100,32.02445725032261,14.042599682350293
2025-07-16,30.14205551147461,30.29376120960712,29.83864230673501,30.246352048644102,27588900,32.00278459276472,14.045832624420944
2025-07-17,15.333592414855957,15.390985260549094,15.190108476137445,15.333592414855957,19360000,29.655611038208008,15.399960911904182
2025-07-17,32.398719787597656,32.50756189971329,31.917998380201784,31.936141702057018,25587775,32.08392088753836,14.059361412004515
2025-07-17,29.83864402770996,30.123093584470276,29.772273007008287,30.123093584470276,27497600,29.276373182024276,11.781594514153888
2025-07-17,49.849517822265625,50.29935848058739,49.684270519375254,49.94132382500523,20252800,31.83801977975028,14.160848109338453
2025-07-18,14.989230155944824,15.266631314353644,14.931836403889356,15.237934894447282,43557800,31.784726006644114,14.233702729689169
2025-07-18,29.383527755737305,29.96190691022786,29.013745310590743,29.772273866910545,57635000,28.84789821079799,11.77085964701193
2025-07-18,31.809154510498047,32.398717997433714,31.73659548229892,32.126610950278106,32227155,29.086055210658483,11.818177985878814
2025-07-18,50.08820724487305,50.290173436002036,49.5465641148603,49.62000541107792,23714000,34.05100018637521,12.365418123881687
2025-07-21,32.1810302734375,32.27173261259137,31.754731774076117,31.791011284216637,12354541,34.01990168435233,12.370538787861003
2025-07-21,29.44041633605957,29.658494873903667,29.17493225107932,29.288710627935227,16412000,33.96301201411656,12.393866055659565
2025-07-21,51.456085205078125,52.16297565471151,50.804278356131796,50.905263206370975,40484000,34.192521640232634,12.746929793917744
2025-07-21,14.998797416687012,15.170976865396227,14.893575679552836,15.017928061102332,28460200,34.19388839176723,12.744527895593334
2025-07-22,29.724864959716797,29.942941682223395,29.383526222941505,29.440415409579174,24557100,34.242650849478586,12.723691185055246
2025-07-22,52.7872428894043,53.21872234324034,52.24559973532703,52.282322136087735,40945900,37.23952061789377,14.41333465272971
2025-07-22,31.745668411254883,32.416860869409234,31.691245571073104,32.199176636288726,23330324,34.61915792737688,13.313494748378295
2025-07-22,14.950969696044922,15.123150059976942,14.893575937319966,15.03705987801093,22020400,32.157720702035085,15.286035587188127
2025-07-23,30.331687927246094,30.369613449039043,29.677455947927225,29.72486511076172,27418600,32.285045215061736,15.263324647624136
2025-07-23,15.190108299255371,15.27619847903543,14.931837759915197,14.950969316418687,23447100,27.104191371372767,13.751568660832522
2025-07-23,32.099403381347656,32.22638525267452,31.618685533366715,31.709384324455055,13271962,29.54713508061,12.723139066693209
2025-07-23,52.71379852294922,53.15446033163282,52.32822381790221,52.741342074767516,17914800,32.83126844678606,15.451178971389004
2025-07-24,14.998797416687012,15.104018241578355,14.88401081346659,15.104018241578355,40868200,27.432919093540736,13.833500801450938
2025-07-24,30.28428077697754,30.36013362954927,30.009313056108343,30.27479894434674,17856300,27.224149431501115,13.768441148221738
2025-07-24,51.89674377441406,52.5944553785828,51.67641637460142,52.273139625964795,21651200,32.50211715698242,15.278128144097826
2025-07-24,31.80008316040039,31.990557728214664,31.609608592586117,31.990557728214664,11460089,32.711887904575896,15.253421801080602
2025-07-25,30.322206497192383,30.51183953409836,30.25583547681769,30.331688329885147,13341000,34.873616218566895,13.304056971571251
2025-07-25,14.88400936126709,15.075320347968674,14.817049831739478,15.037058150628356,21825400,32.41427421569824,15.338063628603727
2025-07-25,31.936138153076172,32.190101865189256,31.772873221144362,31.772873221144362,18518061,29.44603702000209,12.503480034873535
2025-07-25,51.134769439697266,51.66723020155872,50.74001241702245,51.575427708767634,21918900,34.60831873757498,12.994591131129111
2025-07-28,50.63903045654297,50.785916554595126,50.16164976236325,50.43706075845594,19175100,37.516140120370046,14.096422888825405
2025-07-28,30.360132217407227,30.748878294814926,30.037757156853342,30.49287425111486,27972800,34.43948132651193,12.71744675553624
2025-07-28,14.7692232131958,14.970099995738774,14.606609543749418,14.93183779488501,24295500,32.00650133405413,14.770001139351692
2025-07-28,31.264944076538086,32.03591226395829,30.974697271436398,31.999629185943725,17849385,32.141178131103516,14.756375430808164
2025-07-29,14.740527153015137,14.90314173870226,14.692699172711363,14.78835513331891,28054200,32.12068067278181,14.784414849314574
2025-07-29,50.3268928527832,51.13476807554705,50.28099160761219,50.99706083799348,14648700,34.74793134416853,16.30229287548911
2025-07-29,30.758359909057617,30.910065614989556,30.331688289302043,30.521319517479633,33284000,31.83701569693429,14.621119007101377
2025-07-29,31.44635009765625,31.618684925014698,31.17424303821709,31.237735754560497,16655821,29.095204217093332,12.087713289203561
2025-07-30,31.809154510498047,31.981489330076894,31.11982235978858,31.30122349408936,19531787,29.302207401820592,12.125334404265676
2025-07-30,31.07125473022461,31.12814572588057,30.597173950606198,30.625617639959525,27110400,31.631069047110422,10.296432469344369
2025-07-30,49.427215576171875,50.207547257091846,48.959017268028006,49.867873837378035,35607800,34.22567926134382,12.285112251676372
2025-07-30,14.97966480255127,15.113582952975998,14.654435660264621,14.673567215572197,45351600,34.259841782706125,12.222067804699407
2025-07-31,49.078365325927734,49.22525142951663,48.07770265084058,48.66524706519617,20790000,34.08148070744106,11.954702489929636
2025-07-31,14.85531234741211,15.247500106615176,14.72139510997268,15.161410844936725,63011500,31.809616770063126,14.023565449236987
2025-07-31,31.890792846679688,31.945215691641955,31.419141257619966,31.455424342196014,22001830,31.87310859135219,14.022652720121226
2025-07-31,30.947994232177734,31.05229258751949,30.739397521494226,30.76784482919165,23544900,31.75008569444929,14.027084158130746
2025-08-01,31.698083877563477,32.45128682092609,31.525662509027928,32.306092318617516,16498643,31.839632715497697,14.024028795272622
2025-08-01,14.88400936126709,15.161410520045072,14.836181386531008,15.027492373232592,30228600,26.9048889705113,12.830617831009334
2025-08-01,49.3445930480957,50.4003392304061,49.17934575865511,49.79443366980413,40510900,31.814164434160507,14.025993560410322
2025-08-01,30.540283203125,31.20399702337407,30.37909747288059,31.09969867229859,24191800,29.165866988045828,11.795809690718118
2025-08-04,14.997954368591309,15.26611677339578,14.940491452811496,15.064994741453281,25590900,29.186244419642858,11.767055881781012
2025-08-04,30.492876052856445,30.597174404632046,30.30324301480529,30.54028340813189,15215600,28.986542020525253,11.725294320705247
2025-08-04,49.73935317993164,49.94132288009651,49.39967973132415,49.93214052897582,16198100,31.67102187020438,14.14968794260748
2025-08-04,32.033851623535156,32.26979404903931,31.788834763634156,32.16089727068408,17430072,31.71898869105748,14.150364074264248
2025-08-05,32.38777160644531,32.605565181843744,31.81606079682939,31.961258890823935,49690805,34.21952615465437,12.07379220261012
2025-08-05,30.635101318359375,30.729916027618827,30.369613621924152,30.464431948132916,20635500,31.54674162183489,10.072510128022323
2025-08-05,49.675086975097656,50.46460101383301,49.675086975097656,49.73016706949463,21037600,34.280285017830984,12.138443694097747
2025-08-05,15.02668571472168,15.208653744503062,14.950067885347382,14.950067885347382,31469200,34.28438949584961,12.130839383018753
2025-08-06,49.36295700073242,50.13410989379173,49.32623460057702,50.04230389340322,17954300,36.980115345546174,13.197617484691738
2025-08-06,32.7961311340332,33.71268105643194,32.75982983251702,32.93225120933837,41157358,34.55965505327497,11.963554524861413
2025-08-06,30.673023223876953,31.232438656211407,30.521317527834515,30.910063600002584,32854600,34.36525099618094,12.022350676037348
2025-08-06,15.007532119750977,15.19907669836469,14.978800661298068,15.093727408466297,24917500,31.882359640938894,14.111928191274975
2025-08-07,33.37691879272461,33.58563794333952,32.768910212134465,32.88688500647643,26887326,32.2740478515625,14.109590236246884
2025-08-07,30.84369468688965,31.147106099660363,30.748879976754807,30.947993038207585,21111400,29.58384895324707,11.853781229479521
2025-08-07,15.12246036529541,15.132037823514207,14.959647229002616,15.055419984477208,27653400,29.597531046186173,11.834217510811317
2025-08-07,49.72098922729492,50.02394376077138,49.4823006419831,49.66590562974266,20298800,29.648678507123673,11.93423240180685
2025-08-08,28.94737434387207,30.388578603662786,28.94737434387207,29.867090446245225,107235300,29.098856108529226,11.853442924053756
2025-08-08,33.603782653808594,33.71268299903934,33.349691356518534,33.385989094533365,18329262,29.51753602709089,11.969502676069943
2025-08-08,15.285271644592285,15.314003102401426,15.084149613215153,15.084149613215153,25120200,29.55721310206822,11.913718157688644
2025-08-08,50.85017776489258,51.13477110507873,49.74853030531738,49.757712656119914,24205600,32.053392955235076,14.415292097853365
2025-08-11,33.8125,33.912322339883126,33.34061516825644,33.40413977203404,22695226,32.47750799996512,14.417442273712195
2025-08-11,29.12752342224121,29.42145481753052,28.994781378223273,29.11804158931497,28045800,34.478231293814524,12.444411815981319
2025-08-11,15.227807998657227,15.285271828322804,15.141613624193742,15.275694371152442,13742600,29.55063397543771,12.230078583652869
2025-08-11,50.79509735107422,51.401002924751175,50.76755380087933,50.932801093885836,22304000,32.671737262180876,14.60720846490982
2025-08-12,34.511253356933594,34.729046885679814,33.93046823654859,33.99399283476316,27812781,32.801375934055876,14.620879490065338
2025-08-12,51.32756042480469,51.56624902425495,51.13477307501322,51.36428282534808,25851300,37.950274331229075,13.744382014439497
2025-08-12,15.582165718078613,15.649206087733024,15.24696204309349,15.294848412856584,31596100,32.91198689596994,14.661074392888748
2025-08-12,29.2033748626709,29.649011946245587,29.061150992615527,29.19389483867855,37973300,32.25354044778006,14.71728366813417
2025-08-13,34.184566497802734,34.59293029662197,34.16641762951619,34.41143448257054,22618491,32.97597517286028,14.662276579985047
2025-08-13,51.39919662475586,51.788800298518225,51.256657192311536,51.59874893023524,19720000,38.143316405160085,13.707673458035677
2025-08-13,28.98529815673828,29.260265873002613,28.83359245413542,29.20337487817057,38340700,35.02763080596924,12.80137446824109
2025-08-13,15.448083877563477,15.668361736832802,15.36189041732628,15.495971162932094,29193000,32.30432088034494,14.801059777662054
2025-08-14,28.615516662597656,29.137004806182034,28.46381095506494,29.137004806182034,43087500,29.059743200029647,12.19604353043317
2025-08-14,15.333157539367676,15.582165934915668,15.199075884836477,15.275693712181006,29789000,29.02417060307094,12.242181641271035
2025-08-14,50.76252365112305,50.94307407711057,50.43944104657325,50.88605758075742,42823200,32.104049001421245,14.749860962406645
2025-08-14,34.139190673828125,34.484033432758935,33.83065278256315,33.894173821402944,26818728,32.097566740853445,14.748804159987953
2025-08-15,50.66749954223633,50.914567400335294,50.363418812982395,50.8005344081689,34201900,31.9930385862078,14.590958102108955
2025-08-15,15.352312088012695,15.409775000477131,15.208652980138556,15.256539349429936,20291000,30.04546914781843,15.909601078699946
2025-08-15,28.606033325195312,28.653440678127744,28.19832357946788,28.539662307700073,55416100,31.925176211765834,14.622742943417746
2025-08-15,34.02122497558594,34.329762884492965,33.89417575945578,34.02122497558594,19527976,32.697420256478445,14.561437172502318
2025-08-18,15.658783912658691,15.744979197588306,15.342735143487808,15.41935297156823,42207700,32.743938309805735,14.49709784988872
2025-08-18,28.78618621826172,28.966335616802706,28.46381113559142,28.681887865493476,31498100,29.604461533682688,12.131194358186411
2025-08-18,34.266239166259766,34.538479315352895,34.03937118681786,34.121041092190055,21658634,29.62261131831578,12.139202031400162
2025-08-18,50.553470611572266,51.03809814521585,50.391925683738904,50.45844311727962,12733400,29.606321471078054,12.106286580656002
2025-08-19,33.27059555053711,33.82953665369722,32.88575492896241,33.82037043867351,40817973,32.16607625143869,10.35822344746479
2025-08-19,28.482772827148438,28.66292221320338,28.302621632618923,28.634478525128692,39294300,32.148467608860564,10.365386356799045
2025-08-19,50.59148025512695,51.00959034403842,50.36341789985732,50.84804542052907,17724400,34.51564693450928,12.530364024717196
2025-08-19,15.12246036529541,15.390622801924906,15.036265068039615,15.38104534370611,44185500,34.439029284885954,12.665790184491886
2025-08-20,50.36341857910156,50.61998737289215,50.230383713786786,50.26839471099907,9687300,37.521491050720215,13.648284335881824
2025-08-20,15.170345306396484,15.25654059548956,14.969223269631508,15.093727474615216,31984600,34.79350621359689,16.096261130203274
2025-08-20,33.28892135620117,33.47218085549866,33.032360937377995,33.233945666556906,16894884,32.32714203425816,14.524946162504547
2025-08-20,28.6534423828125,28.786186234174927,28.539664005615787,28.558627671306805,23706600,31.667548724583217,14.57969414056419
2025-08-21,50.79103469848633,50.86705307017243,50.31590809443113,50.38242552900459,10813800,34.85444327763149,16.12387322898284
2025-08-21,15.12246036529541,15.189500746113612,14.969224687221413,14.997956148521116,26082100,29.78744043622698,15.926136378523148
2025-08-21,33.32557678222656,33.38055247412429,32.97738299924049,33.03236229138,16147619,32.38788563864572,14.560056554666353
2025-08-21,28.71981430053711,28.852556339208707,28.454328414719274,28.65344147272667,23327000,29.295942170279368,12.21601164604282
2025-08-22,29.5458984375,29.5458984375,28.896218271651687,28.98348887971356,49813600,31.34959261757987,10.538763949298682
2025-08-22,34.260189056396484,34.28768049994711,33.343898810825294,33.4446911698671,32623087,31.4883451461792,10.574884422521173
2025-08-22,15.620476722717285,15.620476722717285,15.09372929406431,15.179924593547659,36922300,29.62649290902274,12.182338319972411
2025-08-22,52.06437301635742,52.15939688514206,50.657998733761026,50.77202810128824,20706700,29.808398383004324,12.554847729041647
2025-08-25,29.720439910888672,29.846498278959068,29.49741584368986,29.54589869325407,21075300,31.89382403237479,10.798403965833693
2025-08-25,52.187904357910156,52.64402908693994,52.016862115684376,52.425467659521026,10397400,34.588442257472444,13.282859744330736
2025-08-25,34.086097717285156,34.434287886362924,34.00363058243364,34.342658136554746,11064054,35.35505417415074,13.040346857924911
2025-08-25,15.658783912658691,15.697091913342346,15.5438562571815,15.649206455809498,24075600,33.37118067060198,14.983048034053054
2025-08-26,52.65353012084961,52.65353012084961,51.959845713861796,52.09288058301996,18891500,35.998800822666716,16.681518321739293
2025-08-26,33.85702133178711,34.168561005969956,33.490502373811424,34.13190695002765,22088247,38.604021481105256,14.209382021643485
2025-08-26,29.507112503051758,29.652562899864105,29.31317740763387,29.555595352155162,21789700,35.381555693490164,13.167649207166827
2025-08-26,15.620476722717285,15.71624948066694,15.505550874548435,15.6396316396499,37241300,33.36727523803711,15.112757545478852
2025-08-27,34.42512130737305,34.44344653517622,33.58213202649752,33.719574835262506,12612968,30.829734802246094,12.729243374779731
2025-08-27,15.735403060913086,15.773711064810719,15.45766226912387,15.630052853446383,20684700,28.208206994192942,13.792086597698221
2025-08-27,29.73013687133789,29.749530750977897,29.439236074746404,29.52650668362428,16349100,30.218400274004257,12.635083616836189
2025-08-27,52.625022888183594,52.76755869229815,52.37795502783314,52.47298252217111,8789100,30.214327812194824,12.626649051783817
2025-08-28,35.13983154296875,35.47885906914217,34.56256884707794,34.6725238177353,25167947,30.3975864137922,12.697439916378494
2025-08-28,16.080183029174805,16.21426377287731,15.744979343205413,15.802442258118898,32140300,28.47945363180978,13.819010727298739
2025-08-28,52.64402770996094,53.39472496847022,52.577510277244016,53.21417816894261,22059500,33.76853234427316,15.102666556663841
2025-08-28,29.9919490814209,30.185882331793955,29.7786201016577,29.84649868126556,25802500,33.13522202628,15.163372102390294
2025-08-29,52.79607009887695,53.052638902737215,52.69154166490481,52.72955266360893,13885400,38.4296030317034,14.532429691242104
2025-08-29,35.26811599731445,35.41472144246588,35.112347936856175,35.24979076670075,32600942,39.220742906842915,14.124930967762786
2025-08-29,30.15679359436035,30.399211546325464,29.914375642395242,29.99194931304399,27713400,36.010995864868164,13.085903177791534
2025-08-29,16.118492126464844,16.1759550452865,16.02271937728658,16.08975975369739,32575000,33.293661662510466,15.11462103068155
2025-09-01,52.834075927734375,52.834075927734375,52.0833786623851,52.39696033020376,7765400,38.54421779087612,14.51008947137108
2025-09-01,30.22467041015625,30.418605512075683,30.10830897910415,30.253761230294828,9889700,35.34145246233259,13.30327320261721
2025-09-01,35.550140380859375,35.81598530017781,35.28429185964791,35.375963639310726,14863209,36.1354797908238,13.095008437422866
2025-09-01,16.013139724731445,16.22384010938498,16.003562268455102,16.128067373334556,13494400,30.880775451660156,12.668368431751249
2025-09-02,15.829986572265625,15.90669146024217,15.609460247931656,15.782044874287294,25223800,28.103899819510325,13.639559946647351
2025-09-02,30.37981605529785,30.486480540346967,30.059824449652602,30.059824449652602,19812000,28.135760171072825,13.645413695430245
2025-09-02,52.634525299072266,52.796070231506405,52.301938121896626,52.36845555733176,9578500,33.35233633858817,15.179316973418768
2025-09-02,34.94511032104492,35.27512658109544,34.79843402642701,34.97261077557583,24358676,30.796769823346818,12.647478620395969
2025-09-03,15.820396423339844,15.964217843248854,15.762868221133955,15.82998476183892,18858600,28.739016396658762,13.868887909290448
2025-09-03,34.6425895690918,35.10094482006696,34.4959168973097,34.94510533141677,20686108,28.609366280691965,13.798667890107504
2025-09-03,30.118005752563477,30.399211463841045,29.98225229167207,30.176187392518816,29788800,30.624347141810826,12.633351678270634
2025-09-03,52.834075927734375,53.04313278956565,52.49198782418536,52.63452362776539,11832100,35.9106456211635,13.142765656145235
2025-09-04,30.118005752563477,30.370120643863377,29.991949231664623,30.05982596211033,24816500,35.87324414934431,13.161487652896518
2025-09-04,34.78009796142578,35.15595188800897,34.3859140016618,34.633425278943015,15877244,33.32261167253767,10.909192484703244
2025-09-04,16.136804580688477,16.203921122649668,15.762868516168353,15.78204336473683,22151800,30.635710852486746,12.624356719097594
2025-09-04,52.938602447509766,53.366217092669,52.78656208755628,53.07163730935306,8442100,35.93831171308245,13.148819313810883
2025-09-05,53.42323684692383,53.85084789324807,53.233185479152866,53.4042313476539,14014700,38.62126132420131,14.668588189475198
2025-09-05,16.529918670654297,16.740856652419343,16.16557091509853,16.203922444151832,31586500,36.680106026785715,16.73494524706465
2025-09-05,35.165122985839844,35.58681105143517,34.91761167843159,35.12845571122925,15664343,34.15596989222935,15.14978515802945
2025-09-05,29.662260055541992,30.14709594811443,29.27439171138447,30.137399008322724,46121900,34.090863364083425,15.170995043666709
2025-09-08,16.443622589111328,16.597032336264757,16.27103616636661,16.549092476074975,21367000,31.47136688232422,16.55230232527478
2025-09-08,53.556270599365234,53.80333483486235,53.432736669152554,53.432736669152554,9701900,36.81700488499233,16.814852190960124
2025-09-08,29.77861976623535,30.0307346534325,29.584686518046734,29.89498119475025,18164200,33.508435930524556,15.326676540430602
2025-09-08,35.0001106262207,35.2109546227414,34.62425671855652,35.165116935471424,11800195,30.876560756138392,12.692389530561387
2025-09-09,30.011343002319336,30.2052762529574,29.875587692420286,29.92407239220644,31283900,32.80247851780483,11.072028269718325
2025-09-09,53.39472579956055,54.65856429071015,53.26169093205601,53.9173679575116,24300300,35.4067074911935,13.58015316213598
2025-09-09,16.29021453857422,16.52991752206493,16.29021453857422,16.52032918327067,23027600,33.496415274483816,15.348292366668783
2025-09-09,34.69759750366211,35.17428643551629,34.6517598128958,35.17428643551629,19497179,36.1041259765625,13.394429725783464
2025-09-10,16.175161361694336,16.481980949245102,16.146396339565577,16.29980613334096,26745800,30.763967514038086,12.711082552409772
2025-09-10,30.554357528686523,30.58344834744928,29.982251039533708,30.021036948381937,35949600,30.874787194388254,12.704440018329848
2025-09-10,34.725101470947266,35.15595635752797,34.65176331943564,34.706767833542706,14517129,30.835500172206334,12.689973728606311
2025-09-10,53.76532745361328,54.2119439898182,53.480248595485904,53.66079902229035,13463700,34.228926522391184,15.333530506441795
2025-09-11,54.18343734741211,54.421000644993754,53.50875845226303,53.64179331892023,14107200,34.34159960065569,15.499831829878344
2025-09-11,16.32856559753418,16.5011501851952,16.22309571441769,16.271035572858796,44461600,34.34707832336426,15.492392766291868
2025-09-11,34.789268493652344,35.51346869277032,34.789268493652344,34.8809366693182,18078972,34.36017417907715,15.492777186435406
2025-09-11,30.43799591064453,30.52526651687879,30.32163633533359,30.350725304410272,17607900,36.39772197178432,13.514094209621964
2025-09-12,16.136804580688477,16.328567696682114,16.127216242009933,16.290214341967943,26449500,34.33807155064174,15.505102387880727
2025-09-12,30.23436737060547,30.738597156334496,30.214973490499997,30.49617920352272,19318400,33.69653810773577,15.579146532472267
2025-09-12,54.164432525634766,54.5730416925768,53.87935728995919,53.87935728995919,12303800,33.753553118024556,15.665325197149714
2025-09-12,34.26674270629883,34.61509258787855,34.15673368907046,34.57842531673111,22589754,30.90831102643694,12.901097222096165
2025-09-15,54.639556884765625,54.68706881794066,54.14542480490332,54.62055138650998,12457500,36.38130978175572,13.781369687556756
2025-09-15,30.496177673339844,30.59314336999742,30.118004428267273,30.350725429349257,21978400,35.76801109313965,13.958415265177988
2025-09-15,34.835105895996094,35.000115831681,34.2942455986407,34.385917384921946,14196181,36.396169662475586,13.776328176952312
2025-09-15,16.32856559753418,16.40527046831298,16.232684051863583,16.271035572858796,28565000,36.42356409345354,13.729438653496356
2025-09-16,54.82960891723633,55.171700640192086,54.34497776807294,54.896126349485705,15618500,39.93717002868652,14.972437219465283
2025-09-16,34.743431091308594,35.06428051447187,34.53258708174722,35.00927600672443,19993536,37.162741252354216,13.63647680850248
2025-09-16,30.57375144958496,30.719201844593027,30.389513296173618,30.641628177288585,19154700,36.63517107282366,13.837152076173338
2025-09-16,16.29021453857422,16.405272775316757,16.213509657008736,16.395684436522494,27075700,31.156693594796316,13.092389679055033
2025-09-17,30.75798797607422,30.82586655377116,30.505873093134824,30.583448610502757,29148100,31.194095066615514,13.090562108166607
2025-09-17,54.92463302612305,55.133689885498754,54.50652293229983,54.67756879452937,23116700,34.06402751377651,15.91855722145118
2025-09-17,35.23845291137695,35.586802744543746,34.706759544167625,34.770927259757734,25226348,36.76543998718262,13.881354666406672
2025-09-17,16.855913162231445,16.932618041231816,16.261448978387143,16.261448978387143,44010600,31.340626307896205,13.039854800588227
2025-09-18,54.820106506347656,55.1907083040421,54.54453582975768,54.962645938147695,17700400,34.20872279575893,15.82377929505764
2025-09-18,35.284297943115234,35.33930246115363,34.981782098638234,35.23846384632796,15433005,34.88165800912039,15.743389616346924
2025-09-18,30.45738983154297,30.85495510515543,30.24406271017841,30.80647225695961,25702900,36.90554019383022,13.737937645913904
2025-09-18,16.683326721191406,16.83673647913613,16.616210180689162,16.779208277104,25877600,34.89487430027553,15.680304326832648
2025-09-19,55.03866195678711,55.29523074809968,54.68706929828981,55.08617751530765,25374600,34.911164147513254,15.704621144287554
2025-09-19,30.118005752563477,30.49617901426442,29.97255535167951,30.476785134279307,48871300,34.17967169625418,15.80576072583456
2025-09-19,35.75181579589844,35.75181579589844,35.247622833799824,35.293456920402946,26702853,36.879086358206614,13.846079971353985
2025-09-19,16.980558395385742,17.03808842788951,16.731268903023903,16.750443751736533,51887400,31.473436628069198,13.037174102896419
2025-09-22,35.23845291137695,35.623470010595234,35.091776643385906,35.504297794035345,18325039,31.46688733782087,13.034951955761333
2025-09-22,55.11468505859375,55.53279515751236,54.93413825734149,54.94363919427972,21947300,34.98935808454241,15.762849180012285
2025-09-22,30.418603897094727,30.515569593404148,29.90467719894511,30.05982453244271,22016100,36.95154053824289,13.842172127991653
2025-09-22,17.009323120117188,17.047676474462367,16.71209193909641,16.875090037486242,31295400,31.51877784729004,12.997295080611094
2025-09-23,35.79765701293945,35.97183378051083,35.26596349297238,35.26596349297238,16930110,32.33015659877232,13.072339580065163
2025-09-23,17.114795684814453,17.306557000079575,16.93262088084204,17.047679133032215,31896600,29.66772515433175,14.115570836759943
2025-09-23,54.80109786987305,55.485281303459956,54.791596933263506,55.11468315190976,17652400,35.0706593649728,15.609165989800838
2025-09-23,30.93252944946289,31.11676760574603,30.505873347886933,30.534964167142846,39895300,34.455527441842214,15.68610654329904
2025-09-24,35.55931091308594,35.88016037447452,35.48597276131633,35.806822222704916,18713452,31.661902563912527,12.884815324856024
2025-09-24,16.980558395385742,17.153144835319804,16.980558395385742,17.12438164785654,24592400,29.7421817779541,14.049374692380477
2025-09-24,55.010154724121094,55.24771801356707,54.80109786943164,55.06717121856225,13005700,35.170872007097515,15.568984121543282
2025-09-24,31.630693435668945,31.640392225220364,31.087679588930648,31.18464529041837,36414400,34.57559149605887,15.62060120549941
2025-09-25,35.27512741088867,35.77015361355578,35.265960592496064,35.5776432235245,15146768,37.16992459978376,13.616871290731488
2025-09-25,55.31423568725586,55.63732190731674,55.15269438968949,55.29523018902544,13631100,37.24323000226702,13.728530151202786
2025-09-25,31.37858009338379,31.805234354470244,31.26222051290646,31.70826865390653,29556300,37.30695152282715,13.69535197756419
2025-09-25,16.84632682800293,17.08602983199566,16.7983869587199,16.97097341420087,22322600,34.633668082101,15.763532807594443
2025-09-26,35.449302673339844,35.623475817367904,35.28429274542576,35.33013043735439,12786935,37.272060121808735,13.73098072332242
2025-09-26,54.24995422363281,55.057667977144455,53.72731569930597,54.867620240973395,29037000,37.163460050310405,13.569360829512046
2025-09-26,31.271915435791016,31.74705624361766,31.174949735746893,31.504638294503,27819700,37.11220605032785,13.59439665606236
2025-09-26,16.932619094848633,17.018912317692138,16.798386005442595,16.827149193864642,17781600,34.491847719464985,15.623820755209882
2025-09-29,54.43050003051758,54.877120177218266,54.28796423098818,54.639556886407796,15580200,34.36559976850237,15.429890340016179
2025-09-29,35.65098190307617,36.08183678151325,35.623477845595794,35.82515505702081,19124422,34.97594288417271,15.376450528269737
2025-09-29,17.105205535888672,17.277791981528797,17.057265669339163,17.21067543684401,17152900,35.012925556727815,15.325806591556065
2025-09-29,30.845258712768555,31.553120515697923,30.767685044577927,31.28160990277752,35720000,34.35520499093192,15.402558952039637
2025-09-30,35.815982818603516,36.21017036327372,35.495133412960804,36.11849858996255,33263438,31.72178050449916,12.788153937504667
2025-09-30,54.715579986572266,54.90562772312364,54.24995433219369,54.80109929306345,18280700,35.070875440325054,15.44462508767703
2025-09-30,17.248695373535156,17.463206454590967,17.17069117499061,17.3754514987575,31375900,35.11602919442313,15.383097605498271
2025-09-30,30.50587272644043,30.932528819324816,30.214971937815957,30.728898637188106,48611500,31.698225293840682,12.821032369397319
2025-10-01,55.409263610839844,55.751351706872775,54.886621467744746,54.886621467744746,18278300,34.52083696637835,15.690189731078938
2025-10-01,30.428298950195312,30.593143223024217,30.35072528354066,30.496177526832476,24817000,36.42413602556501,13.935441273445365
2025-10-01,16.956174850463867,17.49245523573568,16.790415729164057,17.355946520698744,39717600,34.439981188092915,15.734774059517717
2025-10-01,35.17184066772461,36.143994911603514,35.12598586526274,36.0064269006971,25519177,34.347960880824495,15.727267467027557
2025-10-02,16.68186378479004,16.994221378269852,16.623297201462105,16.896609164857882,32063000,28.914572851998464,13.992145368882884
2025-10-02,34.78664779663086,35.49283701742889,34.74996395267497,35.2360392991746,17094601,31.419994626726425,13.096624190172063
2025-10-02,55.77986145019531,55.93190181143385,55.19070550351199,55.456775229447395,14824500,35.03056444440569,15.971033065218437
2025-10-02,30.137399673461914,30.457391295641923,30.07921988292978,30.42830047562476,25497100,31.420298167637416,13.21524944055914
2025-10-03,16.691625595092773,16.72090795656429,16.447595986573283,16.65257996406654,22193300,29.457916259765625,14.35763467458235
2025-10-03,30.059825897216797,30.3798175182716,30.059825897216797,30.214973237758386,19756800,31.329866409301758,13.268945047885213
2025-10-03,35.0434455871582,35.0434455871582,34.594054083687645,34.76830594635852,17766985,31.31152425493513,13.26283633043992
2025-10-03,55.67533493041992,56.17896796461038,55.58981199773397,55.77986336202812,19240200,36.88202013288225,14.246475002866402
2025-10-06,16.594013214111328,16.681864021247534,16.398788784520175,16.633058844748817,25025200,34.283072335379465,16.2157497101498
2025-10-06,29.78831672668457,30.282849561586346,29.768924696503802,30.253760591564113,21245400,30.569994517735072,13.161088414648612
2025-10-06,56.625587463378906,56.986684688813334,55.87488657692489,55.88439113873876,26102900,34.35402134486607,16.420313952539864
2025-10-06,34.63990783691406,35.08012836600979,34.63990783691406,35.0342735623627,14832309,36.91806166512625,14.490581135788048
2025-10-07,16.32069969177246,16.47687849366133,16.22308933694055,16.47687849366133,42904900,34.955329350062776,16.381449596754788
2025-10-07,55.82737350463867,56.654092744110464,55.82737350463867,56.54006337916598,26072300,37.92446190970285,18.184405273788986
2025-10-07,29.894981384277344,29.924072203966038,29.429539366271275,29.78831689492097,29068800,34.241554260253906,16.525071730547328
2025-10-07,34.089630126953125,34.60321831102049,33.90620371634581,34.5940509543629,20705472,36.74092810494559,14.624906055861793
2025-10-08,16.584251403808594,16.633058440920482,16.34022180364343,16.389028840755323,25534300,34.854633058820454,16.413273645165354
2025-10-08,56.25498962402344,56.435536425313074,55.96040982988201,56.17896762878891,24609500,34.801690510341096,16.331740545865813
2025-10-08,29.720439910888672,30.137399075348636,29.57498951269389,30.137399075348636,17687400,34.09890937805176,16.44531402520976
2025-10-08,34.153831481933594,34.34642887884936,33.9795796113841,34.163002443356135,15395204,36.64649963378906,14.498257851300917
2025-10-09,34.09880447387695,34.31891474705915,33.897036122873104,34.31891474705915,18067539,33.54241834368025,11.77804785696696
2025-10-09,29.29378318786621,29.904677436683894,29.274391158151428,29.730136222735986,22879700,33.45653288705008,11.81122303897724
2025-10-09,56.16946792602539,57.37628993992843,56.16946792602539,56.882157834831474,18184600,36.61079542977469,14.62224867971916
2025-10-09,16.672103881835938,16.740431878851115,16.525686479403664,16.62329870162461,20125800,36.623345783778596,14.602218958942956
2025-10-10,34.06211853027344,34.44731332711403,33.9612343503162,34.2730578516821,23250808,33.452935627528596,11.762558766494221
2025-10-10,16.447595596313477,16.808758365745874,16.38902901296192,16.740430374869373,28431400,31.556815011160715,13.417835667319729
2025-10-10,55.941402435302734,56.82513816285029,55.941402435302734,56.606580371349985,22970400,34.669325147356304,16.33135765856543
2025-10-10,29.031972885131836,29.245300005576937,28.964096158149403,29.18712021809229,50214400,33.94549206324986,16.472533523949867
2025-10-13,56.77762985229492,57.07220965524756,56.58757848345219,56.70160785478649,23294500,37.87175587245396,18.347685831580456
2025-10-13,16.51592445373535,16.623298080345236,16.47687882158695,16.545208677846652,15538000,32.206963947841096,17.872052897337927
2025-10-13,29.31317710876465,29.351964867253614,29.061062227092748,29.23560344128884,13890500,34.01283155168806,16.636684710666533
2025-10-13,34.199684143066406,34.41979438724583,34.190513183185644,34.190513183185644,8194989,34.032483782087056,16.636833884417843
2025-10-14,34.3464241027832,34.704105962609404,34.107971931912864,34.107971931912864,21154861,36.5894592830113,14.75245092755096
2025-10-14,56.77762985229492,57.13872709060326,56.2739968060508,56.350015178630876,19329000,36.708920342581614,14.937500241397428
2025-10-14,29.109546661376953,29.536200903875958,28.97379135739808,29.04166993413857,28138200,36.72000231061663,14.930882867301818
2025-10-14,16.750192642211914,16.935655671109796,16.564729613314032,16.61353665344411,38399800,31.001796994890487,13.57195239298402
2025-10-15,28.847736358642578,29.254998592979973,28.770162687792702,29.13863716195406,40261000,32.76348440987723,12.098636470375013
2025-10-15,16.945417404174805,17.003983991656085,16.545208976422597,16.652580743171903,35955800,30.996661594935826,13.507510318107776
2025-10-15,34.3464241027832,34.575705313506276,33.98874584647769,34.22719801734803,21972166,31.01762444632394,13.513422273736504
2025-10-15,57.8324089050293,57.94643827123581,56.502053007883234,56.53056306813101,45104600,34.3727651323591,16.954981886072463
2025-10-16,34.263885498046875,34.66742220148015,34.02543330184397,34.227201653560606,15847580,31.15651593889509,13.84709683217153
2025-10-16,57.30026626586914,57.89892678672364,57.081708468557096,57.59484605786096,21358500,35.18376159667969,16.912653984991277
2025-10-16,28.556835174560547,28.905915763979323,28.518047414901698,28.83803903407851,28660900,36.87042481558664,15.277614607671449
2025-10-16,17.14063835144043,17.277296191619392,16.798996543690134,16.847803580110504,43635200,35.19798224312918,16.860973396869582
2025-10-17,57.13872528076172,57.30026658295786,56.82513998836463,56.920167482240224,17325300,40.939883368355886,16.447941236213996
2025-10-17,17.25777244567871,17.32610043118161,16.857564077620605,17.01374286214094,33720300,38.49864741734096,18.703207689891133
2025-10-17,28.82834243774414,29.04167141940595,28.42108020398328,28.605318365554243,36238600,34.35520935058594,16.824603905152166
2025-10-17,34.38311767578125,34.502340178947485,33.942893492637744,34.071294164628654,17469315,34.37224251883371,16.82455639493653
2025-10-20,28.847736358642578,28.993186760298318,28.585924525960923,28.799253507924732,31442800,30.30759538922991,13.463348943646919
2025-10-20,17.579891204833984,17.726308580792704,17.25777223300562,17.25777223300562,19858100,28.73946053641183,14.313668017727277
2025-10-20,34.99759292602539,35.171848420834145,34.465659082606784,34.50234293266268,19114019,31.290454047066824,13.468265926600518
2025-10-20,57.87042236328125,58.298033410973865,57.14822788842621,57.14822788842621,17798400,31.394982201712473,13.703103233649179
2025-10-21,34.66741943359375,35.06178514441885,34.63990655242571,34.997584818172626,14013871,33.882074628557476,12.207913922022726
2025-10-21,57.775394439697266,58.01295774218363,57.556836636401215,57.63285863316244,13432700,38.017367771693635,14.831525830969861
2025-10-21,17.345623016357422,17.726308565889624,17.25777221849646,17.25777221849646,18340400,35.58343996320452,16.795287911990535
2025-10-21,28.615015029907227,29.080457049863508,28.57622727015978,29.051366230052924,25509900,35.55019405909947,16.811066207766462
2025-10-22,17.365148544311523,17.52132735119137,17.326102911692445,17.43347653959668,17711400,35.51951653616769,16.849476698992955
2025-10-22,34.95173263549805,34.95173263549805,34.61239626510006,34.78664812907684,13890374,35.512965066092356,16.849722371749202
2025-10-22,28.944704055786133,29.119245278455544,28.721679982153976,28.857433444451424,27088800,31.380719593593053,13.706670221824483
2025-10-22,58.80167007446289,59.143761812522115,58.13649209767312,58.164998534201935,25267300,34.828469685145784,17.248836269917565
2025-10-23,29.274391174316406,29.788316027333348,29.19681750690807,29.594382783563564,40060800,30.75689779009138,13.984376189971034
2025-10-23,34.924217224121094,35.16266940189381,34.7407908088248,35.08012715465839,11432588,33.26812553405762,12.693417396889627
2025-10-23,17.550609588623047,17.589655220963515,17.35538701231539,17.384669374772514,21199100,31.687496185302734,13.991885847602887
2025-10-23,58.6876335144043,59.42883344349582,58.60211058508328,59.12475272256067,11217700,37.59070832388742,15.570161615534065
2025-10-24,58.65913009643555,59.039232829617156,58.27903098818225,58.90619796048208,11127600,40.97747938973563,17.374321434893055
2025-10-24,34.87836456298828,35.32775971483148,34.832509753372335,35.19935904086406,10169911,41.82514517647879,16.825496676018943
2025-10-24,17.64822006225586,17.765355085894306,17.521325493295745,17.599414888455364,17723600,35.94608088902065,17.092696112973503
2025-10-24,28.935007095336914,29.526507494077748,28.905916275078408,29.381055242287424,24370300,35.89759744916643,17.115240869112167
2025-10-27,58.592613220214844,59.06773982875533,58.34554897874227,58.97271595701857,12018100,39.27879687717983,19.112288912407486
2025-10-27,17.794639587402344,17.960579804815566,17.677506411462577,17.85320803717049,25859200,39.31365830557687,19.066217546570748
2025-10-27,35.17184066772461,35.410292847567945,35.025098092805,35.14432778624749,11194349,35.95425932747977,17.04860070843381
2025-10-27,29.090152740478516,29.245300073800898,28.78955501335416,29.245300073800898,24771400,31.730119705200195,13.848164923295817
2025-10-28,59.10574722290039,59.428833442001874,58.516591279219384,58.59260964698719,15797400,35.191174370901926,17.350750564779847
2025-10-28,17.804401397705078,17.9508188018349,17.657983993575257,17.81416280622017,33329500,35.21348599025181,17.324512570608288
2025-10-28,35.29106903076172,35.29106903076172,35.025100348789266,35.07095875772572,10478499,36.121494838169646,17.10578740404346
2025-10-28,29.080455780029297,29.42953820450448,28.857431719726637,28.9931851739105,25324800,31.905472346714564,13.999100723577296
2025-10-29,29.109546661376953,29.245300115853716,28.896217690625345,29.177423388615335,24854900,33.52188764299665,12.690291149926669
2025-10-29,60.179534912109375,60.521623007892465,59.590375337583026,59.694903766125705,30844900,37.09441539219448,16.25232326022215
2025-10-29,36.079795837402344,36.23570575913529,35.35526478106548,35.35526478106548,27235466,38.09293583461216,15.889252126591616
2025-10-29,18.38031005859375,18.3900714663606,17.83368425623729,17.872728025506525,43232000,32.27501623971121,14.28823556001475
2025-10-30,17.667743682861328,17.931296101727987,17.511564885414003,17.687266497991775,66549800,32.255493709019255,14.311377188859215
2025-10-30,60.635658264160156,60.816205067981535,59.799434429495484,59.970480296243444,25586000,35.87614931379046,17.950617890178485
2025-10-30,36.03394317626953,36.391621479724826,35.7863200126098,36.01560125355713,18657008,36.86950465611049,17.702562245244792
2025-10-30,28.983489990234375,29.24530182445148,28.857433467927365,29.012580810537013,22657200,36.85149656023298,17.71183347120583
2025-10-31,36.171512603759766,36.34576446245101,36.06145386713664,36.171512603759766,16449821,33.421779087611604,14.46938457981067
2025-10-31,62.013526916503906,62.28910121917285,60.69267190110292,61.08227557473102,38988400,37.12659781319754,18.122369965751403
2025-10-31,28.847736358642578,29.177424922130097,28.653801256766787,29.090154311236212,29516300,38.621944427490234,16.693240003968587
2025-10-31,17.72631072998047,17.843445762027994,17.472519712042644,17.81416153856657,35036500,38.63031114850725,16.68099747087854
2025-11-03,17.92153549194336,18.17532651454235,17.726311055544688,17.90201267594385,35328300,32.52829360961914,15.019486347963491
2025-11-03,29.18712043762207,29.545897954228362,28.89621779900663,28.973791466070328,54977300,31.550176075526647,14.976017955649363
2025-11-03,36.77492904663086,36.82080798516038,36.28863609210407,36.60977424127366,17968144,32.663238797869,15.04285261416611
2025-11-03,62.09904479980469,62.13705579756086,61.43387046371297,61.861481501221,16985400,36.36717196873256,18.77875276287927
2025-11-04,61.405364990234375,61.7759631618446,60.84471182686465,61.623919168437,22055700,36.2802916935512,18.641227080387672
2025-11-04,36.66482162475586,36.85750521943146,36.527192030759274,36.74740082320739,20386481,37.39701816013881,18.353689551099098
2025-11-04,29.332571029663086,29.342267969299098,29.002882480047198,29.090153087269176,35035200,39.05505534580776,16.73321291315902
2025-11-04,17.97916030883789,18.067102004747927,17.783735767490064,17.891218612927855,24920700,39.06328746250698,16.721092977654216
2025-11-05,62.46014404296875,62.87825050779235,61.291329454139074,61.40536244446715,22505400,43.816576548985076,18.116694073744963
2025-11-05,18.360240936279297,18.399325097619943,17.930303979186675,17.979159646793544,32489600,41.185906818934846,20.49099349165009
2025-11-05,36.82080841064453,36.84833361099975,36.05924902640892,36.66482506502966,36312135,37.57473019191197,18.301618567471664
2025-11-05,29.91437530517578,30.01134285476917,29.293784097479417,29.33257185711764,40375900,33.07601737976074,15.048856083168879
2025-11-06,36.82080841064453,37.42638084413097,36.71070400408933,36.78410453836993,23226500,33.098301206316265,15.05517012217168
2025-11-06,18.28207015991211,18.43841240734025,18.20389996806023,18.360242215488373,23203700,31.51965822492327,16.06156938919393
2025-11-06,30.069522857666016,30.331334688571562,29.962858367407712,30.040432037731335,43435700,33.24685287475586,14.976200378836277
2025-11-06,62.24158477783203,62.76422693926791,62.013526039140274,62.48865264049777,15939100,33.215630122593474,14.905204571742967
2025-11-07,31.204038619995117,31.204038619995117,29.914375208238116,30.273152736218197,97315600,35.0504583631243,13.49560724670417
2025-11-07,18.301612854003906,18.301612854003906,18.047559268993535,18.233214170294257,15628600,32.404858997889924,14.83904648965072
2025-11-07,36.857513427734375,36.88503863163686,36.49049628849547,36.820813155864386,12706904,33.39673587254116,14.876831476262875
2025-11-07,61.55739974975586,61.63342174400943,60.83520530405978,61.62391718226363,20800300,36.93053463527134,18.356675761285107
2025-11-10,31.37858009338379,31.56281640405659,30.96162092275196,31.320398453642937,41064200,38.8014646257673,16.73500118897916
2025-11-10,37.105247497558594,37.17865164648166,36.90338879187124,37.02266828066199,16552409,39.80656814575195,16.32952490977678
2025-11-10,61.96601104736328,62.27959634710076,61.68093943384829,61.823471615677455,12689400,39.7672004699707,16.266634523900503
2025-11-10,18.643606185913086,18.75109088548358,18.340696962433878,18.360239973941997,28034500,37.972852979387554,17.972020414126927
2025-11-11,61.80447006225586,62.393629666349554,61.53840032165119,61.96601136907203,25496500,44.18754686628069,17.552741716297103
2025-11-11,37.8209228515625,37.95855245743631,37.105242411777006,37.252050689501054,37289193,44.32517678397043,17.489350891943243
2025-11-11,19.04422950744629,19.18102686705007,18.653378577346743,18.692462738494573,39993600,38.25186674935477,17.885028614034525
2025-11-11,32.1931037902832,32.425822945711765,31.465849956311462,31.553120564348244,68221300,38.36822727748326,17.835438747432626
2025-11-12,62.488651275634766,62.66919445030475,62.013524684654875,62.013524684654875,26550300,41.994427817208425,19.986544120676584
2025-11-12,36.958438873291016,37.94020348823451,36.820809263193915,37.82092401213244,36789128,38.42191750662668,17.953314057188603
2025-11-12,31.368881225585938,32.25128241492779,31.107073094916863,32.25128241492779,67646400,40.23981394086565,16.172813627502343
2025-11-12,18.99537467956543,19.11262903191513,18.819491287316552,19.05400185574028,30776900,34.12422888619559,14.684734396341025
2025-11-13,37.105247497558594,37.66494466961822,36.86668851997708,37.12359763350567,33686974,34.02198954990932,14.657172881454152
2025-11-13,62.40312576293945,63.14432209728654,62.06103403172441,62.48865232067149,19058500,40.216117586408345,16.337999383778996
2025-11-13,19.03445816040039,19.38622493229369,18.92697531855186,18.946516467427067,32477500,38.33631106785366,18.079175778697937
2025-11-13,31.504638671875,31.94098802630463,31.339792541020195,31.378580301104193,38517200,33.91002355303083,14.647705412389056
2025-11-14,31.708267211914062,32.16401042264299,31.591907636728404,31.611297816755844,27371300,33.15999902997698,14.599935962264615
2025-11-14,62.02302169799805,62.27959411581164,61.39585837084911,61.62391710346178,16374400,37.53916195460728,18.140999971131972
2025-11-14,37.252052307128906,37.325452844043994,36.89421026913014,37.08689388880111,17006742,40.14725875854492,16.243821813191854
2025-11-14,19.024686813354492,19.288511894482923,18.936745119645018,18.985602651552657,26233700,37.564321517944336,18.135502668054045
2025-11-17,31.882808685302734,32.07674377820322,31.737356440876308,31.7664454101599,63708200,33.20427622113909,14.466179920495598
2025-11-17,61.97551345825195,62.49814835648363,61.68093729288761,62.33660705611328,20150800,39.33871269226074,16.427635970649696
2025-11-17,36.97678756713867,37.34380465328244,36.87585822896256,37.2520503817465,43985120,40.12044824872698,16.120026585395767
2025-11-17,18.87812042236328,19.054003832862552,18.74132304251919,18.985605142940507,27809900,38.28757013593401,17.870306605909608
2025-11-18,18.653379440307617,18.79017680624005,18.5849807573414,18.712006616603755,31226100,32.09190695626395,15.64988411512471
2025-11-18,36.79328155517578,37.022665447228455,36.60977660461433,36.655651940971076,17147337,32.0263682774135,15.625614615907955
2025-11-18,31.989473342895508,32.164010858537274,31.67917497318817,31.70826764163201,26520500,33.87848063877651,14.55967256785445
2025-11-18,61.785457611083984,62.04203002560634,61.10128142202241,61.243813596916716,22468700,38.15028762817383,17.883804145106513
2025-11-19,31.824626922607422,31.979774256516983,31.553120013016752,31.805233043493203,48719300,33.843018123081755,14.49992705489941
2025-11-19,61.71894073486328,62.013524148626885,61.481377441426766,61.785458167031244,16523800,37.377611432756694,17.98740489463095
2025-11-19,18.467723846435547,18.741320431734508,18.42863968494956,18.57520855203947,25755800,37.318983350481304,18.058280783709808
2025-11-19,36.56389236450195,36.88503048786517,36.462963034008716,36.747400893604926,25766686,39.87762805393764,16.139742786135916
2025-11-21,18.360240936279297,18.6436071631028,18.21367020601018,18.6436071631028,33815400,37.244336536952424,18.11027778531902
2025-11-21,31.582210540771484,31.747056671875438,31.378580348529308,31.57251545023803,40869300,37.186156136649,18.13061571699481
2025-11-21,36.67399978637695,36.72905379170314,36.288636169630706,36.563895380858845,16502454,33.59880501883371,14.590912768247138
2025-11-21,61.91850280761719,62.02302399112606,60.93973590884384,61.33884776799255,20272600,37.89793014526367,18.01318336397713
2025-11-24,18.370012283325195,18.457953984156838,18.27230093904508,18.360242639876727,32487300,31.70522608075823,15.770756663968154
2025-11-24,31.55312156677246,31.756751758992735,31.37858034515383,31.572515446841688,38665600,33.574568612234934,14.677824398300878
2025-11-24,36.53636932373047,36.857507466053214,36.44461505376195,36.628123593698994,29014997,33.57063674926758,14.676893819572665
2025-11-24,61.85197830200195,62.26058747456238,61.55740212522235,61.77596355467142,20462800,39.78374208722796,16.282540070049322
2025-11-25,36.61894989013672,36.90338417197791,36.45379147701951,36.701525491561014,30345963,40.50327627999442,15.967954108974528
2025-11-25,62.33660888671875,62.631192310590365,61.91850240582638,61.91850240582638,18275300,44.16936329432896,17.78483926847281
2025-11-25,18.51658058166504,18.672920948334287,18.370009857153963,18.379781363036315,28601700,37.96908869062151,18.127936627131593
2025-11-25,31.30100440979004,31.456151749282014,31.116768100082176,31.368881139630005,28431100,39.81637328011649,16.371646463825442
2025-11-26,31.252521514892578,31.427062733946006,31.126463145797473,31.397973763771883,25042100,39.773430415562224,16.397307538994834
2025-11-26,37.4814338684082,37.53648426767699,36.6739991713924,36.79327864160897,22251296,39.90843963623047,16.37008072878953
2025-11-26,63.267860412597656,63.562436587514604,62.640689814553866,62.707207249207904,33408500,40.11070850917271,16.691986696990046
2025-11-26,19.073545455932617,19.151715647812487,18.545895262950193,18.594752797702853,33913900,37.60422216142927,18.520830856767663
2025-11-27,37.35297775268555,37.508961102676665,37.233701881133186,37.3071024174731,9469408,34.03513199942453,15.040669268586413
2025-11-27,19.03445816040039,19.15171437227291,19.005145505225457,19.054001172999854,9964400,34.109114510672434,14.952629957732869
2025-11-27,31.417367935180664,31.417367935180664,31.223432834542884,31.301004655395367,16087400,34.125737871442524,14.949052025978514
2025-11-27,63.030296325683594,63.33437705886783,62.849745898217265,63.1918376292816,9739100,38.66541998726981,18.365738346471094
2025-11-28,30.82586669921875,31.33009646747668,30.34103081039431,31.291308708609694,60420500,37.7146246773856,18.607931824196562
2025-11-28,64.04706573486328,64.43666576845139,63.70497401032638,64.33213733873976,46007200,37.82593972342355,18.7877336706408
2025-11-28,38.20629119873047,38.45402521762196,37.802573830807766,37.866802904844334,45311657,40.55918911525181,16.90202862424811
2025-11-28,19.200572967529297,19.356913364713463,19.03446106255555,19.063775585924287,25415300,37.96598843165806,18.765701397478598
2025-12-01,18.907434463500977,19.249429768120013,18.907434463500977,19.200572231046166,24721300,37.947842189243865,18.787108299659437
2025-12-01,30.88404655456543,31.1943393786592,30.61253779041793,30.981014102439687,29489100,37.87165342058454,18.819059980354254
2025-12-01,64.54119110107422,64.74074338916891,64.14208652488483,64.42716536493786,15657000,38.087495531354634,19.16125832599172
2025-12-01,37.910396575927734,38.32346409112122,37.772704999754524,38.2867446543656,15912985,39.099571228027344,18.899087076920143
2025-12-02,19.11182975769043,19.15095228578512,18.945554815792015,18.95533404865036,23940400,32.68025180271694,16.49106650974654
2025-12-02,65.0733413696289,65.30140010431755,64.38915791570652,64.71224051902739,22567200,36.518401827131,20.604963070369006
2025-12-02,38.75489044189453,38.75489044189453,38.03890649144173,38.057264406924055,21175667,39.311875752040315,19.13921466395238
2025-12-02,31.097373962402344,31.097373962402344,30.48648154940614,30.96162050384811,25574100,41.0532956804548,17.453587212480908
2025-12-03,67.17340087890625,67.56300092011637,65.39642478890073,65.43443578679917,42361200,46.23748915536063,19.2288042330555
2025-12-03,31.330097198486328,31.51433350889677,31.174949858402705,31.174949858402705,36630000,41.49304716927664,18.019055631572293
2025-12-03,18.583662033081055,19.25854291347959,18.368483460086857,19.20963742037604,63797200,38.73208509172712,20.028156663436906
2025-12-03,38.75489044189453,38.97519264100875,38.47951088967017,38.82832571048699,23159653,41.53823661804199,18.10472798286753
2025-12-04,39.70953369140625,39.70953369140625,38.8742197008105,38.88339865836315,23199514,37.914835521153044,14.85612557255381
2025-12-04,31.533727645874023,31.756751717874753,31.465850915221818,31.504638675310048,33009700,36.88324083600725,15.037676762330797
2025-12-04,18.84774398803711,18.9553323297063,18.65212576864178,18.701031256267413,35919800,35.133293696812224,16.467933591246787
2025-12-04,68.34220886230469,68.78882902927656,67.17340147838691,67.18289879055385,38019900,35.30026626586914,16.848468970756986
2025-12-05,30.418603897094727,31.911897444384657,30.418603897094727,31.514332171109295,74495100,35.17005293709891,16.887742776115978
2025-12-05,37.87367630004883,39.83804169307649,37.772704162868365,39.75542747053557,39832160,37.92576926095145,15.221796572122688
2025-12-05,17.722944259643555,19.004238213272416,17.674038770999008,18.877085808350238,72531700,34.92120552062988,17.002418546154505
2025-12-05,66.7267837524414,68.73181867122375,66.4417048801583,68.3802223620555,40196800,38.78081267220633,20.892120392423255
2025-12-08,38.0572624206543,38.626375804219236,37.836960233038,38.50704575314899,40458400,39.71274621146066,20.659170480626628
2025-12-08,30.69980812072754,31.019799731165236,30.534963845683748,30.6125375133807,30271600,41.40589823041643,19.09024767874262
2025-12-08,17.850095748901367,17.9772462950362,17.65447751502068,17.928342669342896,34307900,34.19273921421596,16.59180871069638
2025-12-08,66.2706527709961,67.33493891087078,66.03308948306608,66.91682520415998,20860900,39.31446048191616,20.34229148559831
2025-12-09,30.89374351501465,30.93252942448907,30.37981680558803,30.651325569917553,23863000,38.317327226911274,20.594196712466353
2025-12-09,17.615354537963867,17.73272398285356,17.194776651742803,17.703382554407984,34063400,38.301957266671316,20.61216080841701
2025-12-09,66.30867004394531,66.92633610100395,65.4724498012218,65.66249754961359,23081300,38.24222673688616,20.516445699493207
2025-12-09,37.974647521972656,38.0939811775795,37.387176234351514,37.974647521972656,24725047,38.23042460850307,20.51659359578588
2025-12-10,30.971317291259766,31.01980014064707,30.583448947654883,30.91313565259242,22123700,38.26921163286482,20.50023414489186
2025-12-10,38.27351760864258,38.467599525770794,37.73978375744894,38.04061244481588,25643189,41.18684332711356,18.461804273093346
2025-12-10,17.928342819213867,18.01637083864067,17.625136233162525,17.625136233162525,26416600,34.28079904828753,16.446557485277705
2025-12-10,67.52498626708984,67.80056054954433,66.75528353841582,66.75528353841582,24454800,39.513833727155415,20.514006571531127
2025-12-11,18.133743286132812,18.29023713810246,17.78163118642418,17.83053481558199,22571700,39.58788926260812,20.422509152939824
2025-12-11,30.45738983154297,30.932528771970006,30.302242497913817,30.913134892890834,64927900,34.4662778036935,16.77410130407025
2025-12-11,38.24440002441406,38.584048127293755,38.06001820947712,38.23469611972571,21275268,34.504813875470845,16.783811652839947
2025-12-11,68.41822814941406,68.76982443179682,66.96434196121602,67.22090712683953,25687700,39.85437256949289,20.926409246245093
2025-12-12,68.61000061035156,68.9800033569336,67.72000122070312,67.75,36483700,44.18815585545131,23.524465712237397
2025-12-12,38.584049224853516,38.875177812572886,38.186177682525894,38.52582579506719,17595593,47.13897105625698,20.8217833860808
2025-12-12,30.63193130493164,30.757987821014787,30.38951336288533,30.45739009073796,39659900,41.86853463309152,19.42391234536417
2025-12-12,18.25111198425293,18.36848330113195,18.114180335855565,18.21198945566245,29409300,41.88530158996582,19.400045486100677
2025-12-15,69.02999877929688,69.38999938964844,68.5,68.6500015258789,16841700,47.39567429678781,21.023235383507654
2025-12-15,39.16630554199219,39.37979907238866,38.71991067169578,38.99162763060265,17767809,47.527375085013254,20.95914211648094
2025-12-15,30.738595962524414,30.932529207540632,30.631931475589106,30.719202083172153,31898900,42.14457048688616,19.48643585859609
2025-12-15,18.505414962768555,18.661908808350013,18.39782474434863,18.427168039977825,22821300,34.986772537231445,17.214718879899927
2025-12-16,69.29000091552734,70.02999877929688,69.26000213623047,69.33000183105469,21953000,39.37333706447056,21.63005900681074
2025-12-16,38.15706253051758,39.02074058428853,38.15706253051758,38.97222105898872,20379168,40.44835581098284,21.307800636465895
2025-12-16,17.996807098388672,18.427166060279532,17.95768457397328,18.38804167031055,30577300,40.41202654157366,21.35212469974295
2025-12-16,29.807710647583008,30.57375225059855,29.68165412847398,30.57375225059855,52661900,34.808842522757395,17.364584924973293
2025-12-17,70.16999816894531,70.7699966430664,69.44000244140625,69.63999938964844,29375000,39.237941469464985,21.99726604228922
2025-12-17,37.817413330078125,38.17647305871654,37.603923611952276,37.94357171809816,31625017,40.249201093401226,21.70214576169415
2025-12-17,17.850095748901367,17.96746706234053,17.478423343192546,17.94790486584171,48096300,40.155584062848774,21.812706999481435
2025-12-17,30.137399673461914,30.137399673461914,29.885284781819752,29.924072541842637,39337100,34.56235531398228,17.735677029298163
2025-12-18,29.962858200073242,30.33133451917925,29.894981470106917,30.253760849288856,34311000,33.39175469534738,17.72929191665239
2025-12-18,70.3499984741211,71.12000274658203,70.30999755859375,70.5999984741211,18430200,40.87078203473772,20.909818958605616
2025-12-18,38.011497497558594,38.09883644995213,37.671849405298424,37.671849405298424,21898830,42.04275158473423,20.410342739464284
2025-12-18,17.928342819213867,18.065274464742778,17.674039859264635,17.674039859264635,22975800,34.579657963344026,17.794994096395765
2025-12-19,18.09461784362793,18.290236080050818,17.86965817762924,17.89899960720504,33688200,31.762115750994003,18.73354641834524
2025-12-19,30.069522857666016,30.29254692865866,30.03073509775311,30.127702648033186,45807700,33.50774819510324,17.765436997178004
2025-12-19,70.8499984741211,70.93000030517578,70.37999725341797,70.5,37147100,39.323833738054546,22.50911281994915
2025-12-19,38.3608512878418,38.81695006697615,38.03090708453937,38.18617718781652,35446214,40.5235470363072,22.147931610867182
2025-12-22,38.4384880065918,38.54523477737608,38.127951599498466,38.302629520028894,15858704,35.964759826660156,17.85328040754759
2025-12-22,17.840314865112305,18.084836727625717,17.77184904209715,18.04571419971153,19424900,33.08316230773926,19.055265536969394
2025-12-22,30.15679359436035,30.573752767660697,30.15679359436035,30.30224399563898,35896900,34.8300838470459,17.963629014260455
2025-12-22,72.91999816894531,73.37000274658203,70.80999755859375,71.02999877929688,27853000,42.66228103637695,21.124686842578292
2025-12-23,72.9000015258789,73.52999877929688,72.58000183105469,73.2300033569336,17140900,48.78092084612165,22.989824833267754
2025-12-23,30.309999465942383,30.56999969482422,30.200000762939453,30.549999237060547,35703900,42.989492416381836,21.56593966447446
2025-12-23,18.006589889526367,18.114180106507092,17.87943934127496,17.889220439687186,26477700,40.08174078805106,23.57284626045981
2025-12-23,39.06926345825195,39.15659860275379,38.564641336483966,38.62286857908111,10490138,40.17185156685965,23.566722569080415
2025-12-26,17.996807098388672,18.035931488357658,17.732723062758808,17.86965656209666,18043500,40.194207600184846,23.542068880550904
2025-12-26,39.08187484741211,39.20182197033511,38.69205623023504,39.00191391172585,12196300,41.46921920776367,23.146209427218544
2025-12-26,73.12000274658203,73.3499984741211,72.62000274658203,72.86000061035156,16368800,41.4977912902832,23.191582351867442
2025-12-26,30.40999984741211,30.43000030517578,30.1200008392334,30.309999465942383,20178600,35.42779105050223,18.73509604514196
2025-12-29,38.96193313598633,39.251799642216234,38.84198982107125,39.16184120279762,10657000,36.66378157479422,18.626269999065766
2025-12-29,30.729999542236328,30.809999465942383,30.520000457763672,30.559999465942383,20588100,38.481411525181365,17.05686626963783
2025-12-29,72.12000274658203,73.73999786376953,71.69999694824219,73.19000244140625,19963700,43.202945709228516,21.294675295909272
2025-12-29,18.084835052490234,18.084835052490234,17.859875407548028,18.035931430738827,24923600,43.21552113124302,21.27732802795759
2025-12-30,71.95999908447266,72.83999633789062,71.91000366210938,72.5,17085400,47.91239602225168,23.703310855473408
2025-12-30,30.81999969482422,30.959999084472656,30.649999618530273,30.799999237060547,16880600,41.86953844342913,21.494942639634402
2025-12-30,18.171056747436523,18.48073336766351,18.171056747436523,18.370847316302026,18087700,40.12111800057547,23.02568690989048
2025-12-30,39.21181869506836,39.65161340773504,39.131857753187774,39.21181869506836,13764900,40.15681593758719,23.02378386694784
2026-01-02,72.37999725341797,72.55000305175781,71.6500015258789,72.33000183105469,28418900,46.10681561061314,25.43691155030996
2026-01-02,30.709999084472656,30.959999084472656,30.360000610351562,30.959999084472656,21625200,40.191100801740376,23.085439486030417
2026-01-02,18.201025009155273,18.43078693526959,18.18104728522725,18.350870323470534,19380800,40.20769936697824,23.066930213979585
2026-01-02,39.150001525878906,39.77000045776367,39.150001525878906,39.630001068115234,18846800,35.5205568586077,18.401198647989737
2026-01-05,30.200000762939453,30.770000457763672,29.729999542236328,30.700000762939453,48211400,35.431985582624165,18.429065971617256
2026-01-05,39.720001220703125,40.13999938964844,39.060001373291016,39.2400016784668,24438700,38.51040622166225,16.79232728540198
2026-01-05,73.12000274658203,73.5,72.30000305175781,72.4000015258789,24958100,43.35443251473563,21.311083153390406
2026-01-05,18.969999313354492,18.969999313354492,18.170000076293945,18.200000762939453,50153200,35.72443280901228,18.572257521242676
2026-01-06,29.639999389648438,30.43000030517578,29.6200008392334,30.3700008392334,38095000,35.57157570975168,18.62473589978053
2026-01-06,39.959999084472656,40.47999954223633,39.959999084472656,40.09000015258789,21959800,38.680000577654155,16.986125789289954
2026-01-06,19.079999923706055,19.43000030517578,18.989999771118164,19.0,24993300,35.812857491629465,18.518307942820385
2026-01-06,75.87000274658203,75.98999786376953,72.87999725341797,73.44999694824219,39536600,42.33714348929269,23.567891099456997
2026-01-07,39.31999969482422,39.97999954223633,39.189998626708984,39.900001525878906,20894500,42.280000414167134,23.57577786260156
2026-01-07,29.829999923706055,29.829999923706055,29.530000686645508,29.670000076293945,28132900,36.09571429661342,19.455431186103077
2026-01-07,18.84000015258789,19.100000381469727,18.700000762939453,19.0,17154200,36.077142987932476,19.474555872133575
2026-01-07,76.31999969482422,77.33999633789062,75.62000274658203,76.0999984741211,41501600,42.745714460100444,24.29784537214401
2026-01-08,30.200000762939453,30.34000015258789,29.790000915527344,29.90999984741211,34125800,41.3514289855957,24.759975217064667
2026-01-08,39.93000030517578,40.09000015258789,39.22999954223633,39.349998474121094,17209400,44.33000046866281,22.81168898823033
2026-01-08,18.520000457763672,18.889999389648438,18.450000762939453,18.84000015258789,30919300,36.137142998831614,19.67978188056283
2026-01-08,75.58000183105469,75.80000305175781,74.19000244140625,75.80000305175781,31894900,41.317143304007395,24.770764364398335
2026-01-09,30.299999237060547,30.739999771118164,30.139999389648438,30.170000076293945,27982800,41.384286063058035,24.735049513059028
2026-01-09,18.540000915527344,18.719999313354492,18.43000030517578,18.530000686645508,16397800,41.34142902919224,24.78083845128495
2026-01-09,39.849998474121094,40.290000915527344,39.77000045776367,39.93000030517578,17023600,36.13142885480608,19.46473294903015
2026-01-09,74.72000122070312,75.70999908447266,74.19999694824219,74.9000015258789,24801200,42.491428920200896,23.9583104748947
2026-01-12,74.73999786376953,75.47000122070312,74.51000213623047,75.0,13129800,47.464285714285715,26.784037517290013
2026-01-12,30.360000610351562,30.56999969482422,30.209999084472656,30.299999237060547,18947400,49.155714307512554,24.96352806085123
2026-01-12,39.4900016784668,39.90999984741211,39.4900016784668,39.849998474121094,10672200,44.0,22.166715659689284
2026-01-12,18.399999618530273,18.510000228881836,18.299999237060547,18.459999084472656,18972100,42.300000054495676,23.78942236495312
2026-01-13,18.190000534057617,18.3799991607666,18.059999465942383,18.350000381469727,25752700,42.25,23.847979357108333
2026-01-13,31.139999389648438,31.31999969482422,30.360000610351562,30.360000610351562,54097100,41.005714416503906,24.218419630682995
2026-01-13,39.16999816894531,39.56999969482422,39.16999816894531,39.470001220703125,17397400,35.92714255196707,19.17187423714751
2026-01-13,75.3499984741211,76.05000305175781,74.27999877929688,74.47000122070312,24539200,36.01428549630301,19.37797394356443
2026-01-14,39.599998474121094,39.65999984741211,39.220001220703125,39.470001220703125,21222100,37.33428519112723,19.242855170046074
2026-01-14,78.91999816894531,79.08999633789062,75.63999938964844,75.83999633789062,44225300,42.967141832624165,24.914339054937486
2026-01-14,18.520000457763672,18.520000457763672,18.15999984741211,18.299999237060547,31867300,42.9842848096575,24.894651135433257
2026-01-14,31.989999771118164,32.529998779296875,31.200000762939453,31.350000381469727,82309300,44.95571327209473,23.084533026904282
2026-01-15,31.790000915527344,31.93000030517578,31.440000534057617,31.5,26456600,45.04857063293457,23.020916810477033
2026-01-15,39.939998626708984,40.220001220703125,39.65999984741211,39.79999923706055,19093500,45.15857069832938,22.989964688957716
2026-01-15,78.8499984741211,79.63999938964844,78.51000213623047,78.9000015258789,35503900,45.65857069832938,23.78049219012535
2026-01-15,18.899999618530273,19.06999969482422,18.530000686645508,18.59000015258789,37422400,42.70142800467355,25.85592398687354
2026-01-16,39.61000061035156,40.09000015258789,39.459999084472656,39.970001220703125,19742500,37.08571406773159,20.364148352472434
2026-01-16,18.90999984741211,19.06999969482422,18.670000076293945,18.899999618530273,28353400,37.14142826625279,20.3053374173598
2026-01-16,32.040000915527344,32.20000076293945,31.8799991607666,31.950000762939453,70947300,37.14857128688267,20.30323190246662
2026-01-16,78.87999725341797,78.87999725341797,77.56999969482422,78.38999938964844,45910100,43.875713620867046,25.39469722539165
2026-01-19,18.899999618530273,19.079999923706055,18.829999923706055,18.899999618530273,10581700,40.86999947684152,27.124405055896315
2026-01-19,78.56999969482422,78.6500015258789,77.87000274658203,78.5199966430664,10678500,40.82999965122768,27.05919003012407
2026-01-19,39.54999923706055,39.869998931884766,39.529998779296875,39.720001220703125,7190900,43.779999596732004,25.340989826744554
2026-01-19,32.16999816894531,32.209999084472656,31.90999984741211,31.959999084472656,12852900,42.71714210510254,25.698541371282897
2026-01-20,19.170000076293945,19.290000915527344,18.68000030517578,18.780000686645508,25010600,42.7542849949428,25.6585540959097
2026-01-20,80.08000183105469,80.20999908447266,77.41000366210938,77.83000183105469,31198500,49.61714226858957,28.574143247705646
2026-01-20,39.91999816894531,40.09000015258789,39.06999969482422,39.349998474121094,20693900,44.0514281136649,25.559635096144206
2026-01-20,32.290000915527344,32.52000045776367,31.940000534057617,32.16999816894531,26300000,45.96428544180734,23.804388005067125
2026-01-21,41.66999816894531,41.77000045776367,40.2400016784668,40.27000045776367,39510800,40.69285665239607,18.976678233357653
2026-01-21,19.760000228881836,19.81999969482422,19.350000381469727,19.389999389648438,74374300,37.865713936941965,20.58160628682481
2026-01-21,82.5,82.80000305175781,80.5,80.98999786376953,83134600,45.05571419852121,26.266330450450955
2026-01-21,33.43000030517578,33.54999923706055,32.43000030517578,32.5,93270900,47.09285708836147,24.411602643792776
2026-01-22,33.58000183105469,34.130001068115234,33.2599983215332,33.380001068115234,71516300,40.449999945504324,19.837299646613776
2026-01-22,82.9800033569336,84.4000015258789,82.08000183105469,82.5,62515300,46.60142925807408,25.510620186494517
2026-01-22,43.08000183105469,43.56999969482422,41.900001525878906,41.959999084472656,42959700,48.14285796029227,24.81834639471792
2026-01-22,20.299999237060547,20.579999923706055,19.690000534057617,19.799999237060547,56520800,45.09000097002302,26.96846684553216
2026-01-23,85.0199966430664,85.73999786376953,83.69000244140625,83.75,25432600,54.41285760062082,28.012423584937224
2026-01-23,43.56999969482422,43.90999984741211,43.040000915527344,43.189998626708984,41025100,48.8514289855957,25.233406535562587
2026-01-23,35.040000915527344,35.47999954223633,33.880001068115234,33.95000076293945,68642600,49.08142907278879,25.0762623970774
2026-01-23,20.790000915527344,20.979999542236328,20.290000915527344,20.34000015258789,37158300,47.254286084856304,26.800668881580556
2026-01-26,44.150001525878906,44.34000015258789,43.279998779296875,43.5099983215332,25371700,41.70714296613421,21.708559162852197
2026-01-26,35.36000061035156,35.70000076293945,35.040000915527344,35.369998931884766,39869600,40.6042856488909,21.82298734648293
2026-01-26,20.8799991607666,20.940000534057617,20.3799991607666,20.780000686645508,34782400,40.68714278084891,21.733967401244968
2026-01-26,83.06999969482422,86.13999938964844,82.18000030517578,85.55999755859375,35741300,40.40857178824289,21.073496190027395
2026-01-27,45.31999969482422,46.06999969482422,44.689998626708984,44.779998779296875,40280000,40.65857178824289,21.127562754608928
2026-01-27,84.9000015258789,86.12999725341797,83.3499984741211,83.58999633789062,30922500,47.78142901829311,26.610879818977352
2026-01-27,21.43000030517578,21.670000076293945,21.15999984741211,21.15999984741211,34219200,47.872857502528596,26.503570949534204
2026-01-27,36.130001068115234,36.45000076293945,35.369998931884766,35.5099983215332,47268200,46.727143151419504,26.86224745331251
2026-01-28,46.34000015258789,46.41999816894531,45.630001068115234,45.63999938964844,36337500,48.29571451459612,26.40453580593339
2026-01-28,86.97000122070312,87.48999786376953,85.0,85.29000091552734,28473800,57.73714338030134,26.780876315764544
2026-01-28,37.34000015258789,37.439998626708984,36.5,36.54999923706055,46054700,51.20428630283901,25.095930311106276
2026-01-28,21.719999313354492,21.719999313354492,21.329999923706055,21.5,31338800,47.83285767691476,27.48929168062396
2026-01-29,37.70000076293945,0.0,0.0,0.0,0,41.090000425066265,22.152523224613287
2026-01-29,21.440000534057617,0.0,0.0,0.0,0,41.09142902919224,22.151044324584955
2026-01-29,46.150001525878906,0.0,0.0,0.0,0,42.522857666015625,22.1006902634036
2026-01-29,87.41000366210938,0.0,0.0,0.0,0,48.390001024518696,27.958197251434353
